currency_name;id;state;date;amount;currency_code;from;to;description
Sol;650703;EXECUTED;2023-09-05T11:30:32Z;16210;PEN;Счет 58803664561298323391;Счет 39745660563456619397;Перевод организации
Peso;3598919;EXECUTED;2020-12-06T23:00:58Z;29740;COP;Discover 3172601889670065;Discover 0720428384694643;Перевод с карты на карту
Shilling;593027;CANCELED;2023-07-22T05:02:01Z;30368;TZS;Visa 1959232722494097;Visa 6804119550473710;Перевод с карты на карту
Rupiah;366176;EXECUTED;2020-08-02T09:35:18Z;29482;IDR;Discover 0325955596714937;Visa 3820488829287420;Перевод с карты на карту
Peso;5380041;CANCELED;2021-02-01T11:54:58Z;23789;UYU;;Счет 23294994494356835683;Открытие вклада
Peso;1962667;EXECUTED;2023-10-22T09:43:32Z;18588;COP;Mastercard 7286844946221431;Счет 76145988629288763144;Перевод организации
Yuan Renminbi;5294458;EXECUTED;2022-06-20T18:08:20Z;16836;CNY;Visa 2759011965877198;Счет 38287443300766991082;Перевод с карты на карту
Hryvnia;5429839;EXECUTED;2023-06-23T19:46:34Z;25261;UAH;;Счет 76768135089446747029;Открытие вклада
Koruna;3226899;EXECUTED;2023-04-17T09:21:15Z;21680;CZK;;Счет 88329674734590848775;Открытие вклада
Euro;3176764;CANCELED;2022-08-24T14:32:38Z;16652;EUR;Mastercard 8387037425051294;American Express 5556525473658852;Перевод с карты на карту
Ruble;4234093;EXECUTED;2021-07-08T07:31:21Z;23182;RUB;Visa 0773092093872450;Discover 8602781449570491;Перевод с карты на карту
Krona;3107343;EXECUTED;2023-01-25T13:33:00Z;33639;SEK;;Счет 35662766798195077538;Открытие вклада
Euro;2130098;PENDING;2020-06-07T11:11:36Z;30731;EUR;Visa 5749750597771353;American Express 9106381490184499;Перевод с карты на карту
Yuan Renminbi;4653427;PENDING;2020-10-04T12:12:23Z;34072;CNY;Discover 9058011549803523;Mastercard 5266726031439012;Перевод с карты на карту
Krona;4641894;EXECUTED;2021-08-30T12:27:22Z;11111;SEK;;Счет 53688013223998817599;Открытие вклада
Euro;4813301;EXECUTED;2021-11-02T13:32:15Z;15080;EUR;Счет 65547878890984510340;Счет 91457207307678002163;Перевод со счета на счет
Rupiah;1449073;CANCELED;2021-05-11T10:06:51Z;11834;IDR;Счет 17847122626293622323;Счет 68570011224094542755;Перевод со счета на счет
Yuan Renminbi;2029174;EXECUTED;2022-08-09T17:12:27Z;34143;CNY;Visa 2717112074981212;Discover 8397322380849617;Перевод с карты на карту
Peso;293898;EXECUTED;2023-05-14T18:57:16Z;14031;PHP;Visa 5962584244183755;Mastercard 8961651103972237;Перевод с карты на карту
Yen;1849472;EXECUTED;2021-09-24T14:59:04Z;21741;JPY;Visa 6665114452549732;American Express 7292521342622607;Перевод с карты на карту
Yuan Renminbi;2264916;EXECUTED;2020-12-04T22:59:07Z;25833;CNY;Discover 2227841726977189;Mastercard 3354646664448456;Перевод с карты на карту
Yuan Renminbi;5371445;PENDING;2023-10-19T03:51:33Z;19556;CNY;Discover 2269057629158313;Discover 1467530652300402;Перевод с карты на карту
Zloty;5317785;EXECUTED;2020-02-17T01:03:47Z;29816;PLN;;Счет 78438276133237705218;Открытие вклада
Peso;3373740;EXECUTED;2020-02-22T02:10:18Z;12439;MXN;Discover 3471032641828884;Mastercard 3506550658550576;Перевод с карты на карту
Hryvnia;1527905;CANCELED;2021-01-15T05:10:15Z;19664;UAH;Visa 9812145096080028;Mastercard 2052066307781062;Перевод с карты на карту
Peso;5447107;EXECUTED;2021-11-01T03:49:47Z;18924;MXN;Visa 1750234568535711;Mastercard 1365460456366991;Перевод с карты на карту
Rupiah;1690784;CANCELED;2021-11-02T02:03:05Z;27487;IDR;Mastercard 4126837433624990;Visa 1620199906118385;Перевод с карты на карту
Yuan Renminbi;1838163;EXECUTED;2020-12-11T05:45:02Z;18154;CNY;Mastercard 9557665746204580;Discover 0970136905701523;Перевод с карты на карту
Yuan Renminbi;5368178;PENDING;2020-07-07T13:57:01Z;22557;CNY;Mastercard 4225154400758745;Mastercard 0556460753444710;Перевод с карты на карту
Yuan Renminbi;1068715;PENDING;2023-08-03T16:00:37Z;18891;CNY;;Счет 04362233061130879079;Открытие вклада
Euro;302564;EXECUTED;2021-01-05T12:20:25Z;21153;EUR;;Счет 65381695235722669691;Открытие вклада
Peso;1408892;EXECUTED;2020-08-15T15:35:06Z;16101;COP;American Express 7606039262578692;Счет 35266864227613549441;Перевод организации
Sol;1556435;EXECUTED;2020-06-17T02:29:13Z;27776;PEN;Mastercard 1191143054153256;Счет 48560440734108989910;Перевод организации
Euro;2832473;EXECUTED;2022-01-11T00:56:43Z;12360;EUR;Discover 5736874734579262;Visa 7416410722264963;Перевод с карты на карту
Dollar;448808;EXECUTED;2020-02-02T02:06:15Z;14192;CAD;Mastercard 8790526356570257;Visa 4436252184653909;Перевод с карты на карту
Real;3143449;EXECUTED;2023-08-31T11:11:51Z;32957;BRL;Visa 9446732032111774;Mastercard 3661534380456235;Перевод с карты на карту
Dinar;2196934;EXECUTED;2022-04-05T07:17:04Z;24588;TND;Счет 68856226464168431377;Счет 64009673148302301520;Перевод со счета на счет
Franc;2051401;PENDING;2023-01-14T13:59:44Z;21616;XAF;Discover 8023806415405011;Discover 4330675064880873;Перевод с карты на карту
Peso;1724852;EXECUTED;2021-04-22T20:18:44Z;32530;COP;Discover 3003758800594505;Discover 3913900928954933;Перевод с карты на карту
Yen;3042949;CANCELED;2020-12-28T00:23:57Z;15619;JPY;Счет 89171183136098678575;Счет 37156155340203759995;Перевод со счета на счет
Rupiah;2035682;EXECUTED;2021-03-24T00:14:15Z;15992;IDR;Visa 9460814254923403;Visa 4565912603866373;Перевод с карты на карту
Peso;1801202;EXECUTED;2021-08-31T20:53:22Z;31579;PHP;Счет 75916879130750839461;Счет 89355195304817814223;Перевод организации
Koruna;2377317;PENDING;2023-08-14T09:58:41Z;23305;CZK;;Счет 60476196595963796362;Открытие вклада
Peso;1199673;EXECUTED;2020-10-07T08:49:52Z;25677;PHP;American Express 9868997595486172;Visa 0291209661494166;Перевод с карты на карту
Dollar;2402660;EXECUTED;2020-03-01T14:39:08Z;11132;CAD;;Счет 53522779957660382631;Открытие вклада
Rupiah;930103;EXECUTED;2020-11-30T08:30:48Z;12031;IDR;Mastercard 8149574569861684;Discover 1229618072674328;Перевод с карты на карту
Dollar;3960261;EXECUTED;2020-04-12T17:56:59Z;18611;USD;;Счет 05766968807462300151;Открытие вклада
Rupiah;1588406;EXECUTED;2021-01-01T14:58:40Z;19924;IDR;Mastercard 4505964110651645;American Express 9119180451193008;Перевод с карты на карту
Euro;332490;EXECUTED;2020-12-07T22:38:54Z;28162;EUR;;Счет 91982937938752279229;Открытие вклада
Quetzal;5134725;CANCELED;2023-11-09T13:19:45Z;16096;GTQ;Счет 57742872757718903241;Счет 60843316198982025818;Перевод со счета на счет
Yuan Renminbi;4011624;EXECUTED;2023-01-10T22:13:49Z;25311;CNY;Discover 6760437696186407;Mastercard 2625117508517464;Перевод с карты на карту
Baht;4739714;CANCELED;2021-03-16T09:50:38Z;29700;THB;Discover 5448680041474638;Счет 81509213611289630443;Перевод организации
Rupiah;1458490;CANCELED;2022-07-27T14:48:56Z;12715;IDR;Mastercard 7898353316523010;Discover 7865481033896023;Перевод с карты на карту
Ariary;4115243;EXECUTED;2020-10-02T00:58:23Z;33795;MGA;Mastercard 4128552733966298;Visa 3778726670159351;Перевод с карты на карту
Real;3231212;EXECUTED;2021-12-07T14:29:02Z;25077;BRL;Mastercard 7071811090567326;Visa 3745592687709450;Перевод с карты на карту
Franc;1781876;PENDING;2023-02-20T11:08:40Z;24586;XAF;American Express 4188660988695878;American Express 4670165143133955;Перевод с карты на карту
Peso;3422007;EXECUTED;2022-02-16T00:17:31Z;14786;PHP;Счет 85848394284577523191;Счет 40992043018007723745;Перевод организации
Hryvnia;2833087;EXECUTED;2022-09-02T21:13:15Z;28421;UAH;Счет 93938816885471635309;Счет 27679999248091965215;Перевод со счета на счет
Rial;3211835;CANCELED;2020-07-03T13:56:11Z;30035;QAR;Visa 8001999082783412;Mastercard 0430116126947445;Перевод с карты на карту
Yuan Renminbi;2627887;CANCELED;2020-01-03T17:08:51Z;18001;CNY;Mastercard 8757974222871146;Discover 7955094807047223;Перевод с карты на карту
Yuan Renminbi;632926;PENDING;2021-11-27T00:46:09Z;29553;CNY;American Express 6477627838877562;Счет 88381741644903346269;Перевод организации
Real;1539387;EXECUTED;2023-07-29T18:13:23Z;13130;BRL;American Express 9646246622784373;American Express 2760544280145973;Перевод с карты на карту
Rupiah;2919081;EXECUTED;2021-12-23T06:40:02Z;23726;IDR;Mastercard 6966877136646759;Mastercard 7149835655551156;Перевод с карты на карту
Franc;5409974;EXECUTED;2022-12-20T08:11:01Z;11789;CDF;Discover 0845299006275838;Discover 2238215145916055;Перевод с карты на карту
Rupiah;1465795;EXECUTED;2023-10-28T22:58:25Z;12963;IDR;;Счет 83116045167866860279;Открытие вклада
Zloty;5055836;PENDING;2022-04-05T03:29:08Z;24796;PLN;Mastercard 3588035503290783;Счет 44168961306050363869;Перевод организации
Rupiah;282352;PENDING;2020-12-26T09:39:00Z;32566;IDR;;Счет 87117715624747483097;Открытие вклада
Ariary;38740;CANCELED;2023-03-02T12:46:35Z;33674;MGA;Счет 61015985923842638044;Счет 34727735024098321865;Перевод со счета на счет
Peso;1803973;EXECUTED;2021-09-09T20:25:03Z;13009;PHP;Mastercard 0079195383170544;Discover 7445133491149659;Перевод с карты на карту
Rial;3162071;EXECUTED;2022-11-02T17:44:03Z;20231;YER;American Express 9087124023963879;Visa 0990855089517781;Перевод с карты на карту
Ruble;3463793;PENDING;2020-02-25T07:24:59Z;17655;RUB;Mastercard 4597611385572324;Visa 0264849140954307;Перевод с карты на карту
Yen;2583513;EXECUTED;2020-05-08T02:59:40Z;30473;JPY;American Express 4260348734990886;Discover 1623518562383702;Перевод с карты на карту
Yuan Renminbi;4259899;EXECUTED;2021-08-11T12:25:51Z;12851;CNY;Discover 0600840143829444;Mastercard 7956693555283113;Перевод с карты на карту
Yuan Renminbi;2537217;EXECUTED;2023-06-27T19:53:05Z;25820;CNY;American Express 6339650600215322;Discover 8283404354492955;Перевод с карты на карту
Krone;2599473;EXECUTED;2021-07-04T01:56:56Z;22779;NOK;Mastercard 2283997217382528;Счет 17324177990501599734;Перевод организации
Yuan Renminbi;857580;CANCELED;2021-09-12T03:53:28Z;27751;CNY;Visa 0651250633302056;Visa 3311516734954339;Перевод с карты на карту
Baht;5008516;PENDING;2023-06-30T04:31:34Z;19988;THB;Discover 0631296518388969;Mastercard 6497034908492124;Перевод с карты на карту
Peso;1371181;EXECUTED;2021-12-29T01:39:49Z;26515;PHP;American Express 5977388088493805;American Express 6189163301783812;Перевод с карты на карту
Ruble;1473389;EXECUTED;2023-08-30T00:58:36Z;18420;RUB;Mastercard 3093124722348405;American Express 6950002720800411;Перевод с карты на карту
Ruble;1453305;PENDING;2020-06-07T02:07:57Z;12234;RUB;Visa 6644696207526766;Mastercard 8548964838326541;Перевод с карты на карту
Rupiah;5062109;CANCELED;2023-02-22T23:31:32Z;22084;IDR;Visa 4615344126170341;American Express 9623944081120709;Перевод с карты на карту
Real;911402;EXECUTED;2022-09-23T21:18:55Z;22900;BRL;;Счет 16907871406772371230;Открытие вклада
Won;2654815;EXECUTED;2022-06-22T14:01:51Z;17009;KRW;Mastercard 8450843686918928;Visa 8423771049920650;Перевод с карты на карту
Dollar;5271661;EXECUTED;2020-03-06T10:36:55Z;20641;NAD;;Счет 50213882587846819729;Открытие вклада
Euro;2765968;EXECUTED;2022-04-12T04:23:56Z;18108;EUR;Mastercard 6684485418787422;American Express 5590025961851078;Перевод с карты на карту
Euro;5434073;PENDING;2020-10-16T00:33:26Z;33634;EUR;Discover 6079985810069539;American Express 4187003076609282;Перевод с карты на карту
Franc;3438176;EXECUTED;2020-05-12T14:33:20Z;22425;CHF;Visa 9207427562974659;Visa 1817584319181554;Перевод с карты на карту
Ruble;5305859;CANCELED;2022-02-03T13:43:10Z;18940;RUB;American Express 7575628496748633;American Express 8201977224219171;Перевод с карты на карту
Yen;3144804;EXECUTED;2023-03-16T18:31:45Z;20039;JPY;Visa 4687457674551698;Mastercard 7020431385343637;Перевод с карты на карту
Yuan Renminbi;1740751;EXECUTED;2021-09-08T22:23:31Z;34518;CNY;Счет 30907628929571752743;Счет 35863137762112178701;Перевод со счета на счет
Krona;2826625;EXECUTED;2022-01-21T02:42:20Z;28564;SEK;Visa 2434960923372230;Счет 62389310054726732233;Перевод организации
Yen;1738376;CANCELED;2020-10-24T04:37:19Z;13638;JPY;Discover 5838445654310457;Mastercard 1227184681117045;Перевод с карты на карту
Rupiah;4224500;EXECUTED;2022-06-03T06:31:10Z;30213;IDR;Visa 8252693278307583;American Express 1020430252920987;Перевод с карты на карту
Ruble;212502;EXECUTED;2021-12-03T14:07:06Z;21574;RUB;Счет 22246813624466689601;Счет 60148056083328746527;Перевод со счета на счет
Shilling;114972;EXECUTED;2023-06-24T01:38:20Z;32229;KES;Discover 5007569730322358;American Express 2958606820247711;Перевод с карты на карту
Krona;671277;CANCELED;2021-10-11T07:33:00Z;30298;SEK;Счет 41751976927052945311;Счет 34771784449161833522;Перевод со счета на счет
Dollar;2226926;EXECUTED;2022-06-05T09:24:11Z;14160;CAD;;Счет 44814275798453591877;Открытие вклада
Peso;2145163;EXECUTED;2023-09-05T11:13:43Z;16619;PHP;Discover 8101224027967385;Discover 9262726024187665;Перевод с карты на карту
Yuan Renminbi;141605;CANCELED;2023-10-07T19:46:26Z;33915;CNY;Discover 6442824834772713;American Express 1908030991731165;Перевод с карты на карту
Dollar;5336250;CANCELED;2021-06-05T05:02:49Z;23921;CAD;Mastercard 2120006197645411;Mastercard 1057574701753363;Перевод с карты на карту
Yen;5379915;PENDING;2023-08-20T02:53:09Z;24850;JPY;;Счет 36811391490389049691;Открытие вклада
Sol;368297;PENDING;2022-04-20T01:43:35Z;12362;PEN;;Счет 73197209028710375773;Открытие вклада
Ringgit;5237484;EXECUTED;2023-07-08T04:43:13Z;13203;MYR;;Счет 73197209028710375773;Открытие вклада
Dollar;744365;PENDING;2022-05-03T05:05:11Z;22652;USD;Discover 8093960331401116;Mastercard 1224722159463490;Перевод с карты на карту
Ruble;1221992;PENDING;2021-02-19T13:25:33Z;12918;RUB;Mastercard 9775497812609116;Discover 5944506116473459;Перевод с карты на карту
Peso;3518973;PENDING;2023-10-11T01:03:20Z;19653;PHP;Visa 0383646897791685;American Express 9980918985573635;Перевод с карты на карту
Real;1938515;EXECUTED;2020-06-28T08:05:59Z;32403;BRL;Visa 6286846678069943;Discover 7898377001181997;Перевод с карты на карту
Pula;1889327;CANCELED;2021-07-25T20:51:01Z;20737;BWP;Visa 7604360599392546;Visa 7942944018455176;Перевод с карты на карту
Peso;2436288;EXECUTED;2022-05-24T05:35:23Z;23234;PHP;American Express 2565635444214491;American Express 0552044753090993;Перевод с карты на карту
Ruble;3436241;EXECUTED;2023-10-20T21:00:39Z;31741;RUB;American Express 5313948287096164;Discover 0329774489991288;Перевод с карты на карту
Tenge;443315;EXECUTED;2021-08-07T07:02:43Z;34519;KZT;American Express 5416179213106657;Mastercard 0160958229240256;Перевод с карты на карту
Yuan Renminbi;1830974;EXECUTED;2022-12-30T06:06:05Z;19103;CNY;Discover 0466471728887794;Visa 8191405185557433;Перевод с карты на карту
Rupiah;2959230;EXECUTED;2022-01-02T10:07:04Z;28500;IDR;Mastercard 4570025114606266;Discover 4329800474005700;Перевод с карты на карту
Yuan Renminbi;3513019;PENDING;2022-09-02T05:55:52Z;13127;CNY;Discover 3114252861244492;Visa 4627389712448189;Перевод с карты на карту
Won;3317385;EXECUTED;2022-07-10T09:24:28Z;15540;KPW;Visa 8673177068866844;Discover 4042375592477197;Перевод с карты на карту
Koruna;72219;EXECUTED;2023-08-09T03:54:59Z;28868;CZK;;Счет 65771273382053145248;Открытие вклада
Yuan Renminbi;5120424;EXECUTED;2022-06-21T04:33:39Z;16623;CNY;American Express 1754261926422113;American Express 1912246230374869;Перевод с карты на карту
Yuan Renminbi;2515993;EXECUTED;2023-08-17T02:28:57Z;20586;CNY;Discover 6821572971032824;Discover 7288948724353737;Перевод с карты на карту
Franc;3652648;CANCELED;2023-07-13T15:38:12Z;22479;XOF;Счет 70461671296717370428;Счет 52445033864538587695;Перевод со счета на счет
Euro;2189906;EXECUTED;2022-01-02T17:51:07Z;26418;EUR;Счет 32587148810728665069;Счет 80122675086638061370;Перевод со счета на счет
Dollar;1867775;EXECUTED;2021-03-26T19:04:51Z;24063;NZD;American Express 3879946924528107;Счет 29289561285454675688;Перевод организации
Yuan Renminbi;2683394;EXECUTED;2023-10-27T15:35:50Z;21830;CNY;;Счет 93654567547380187741;Открытие вклада
Yuan Renminbi;2239866;EXECUTED;2022-04-18T18:51:53Z;24567;CNY;;Счет 90027224340328984499;Открытие вклада
Peso;4003913;EXECUTED;2022-12-06T19:06:56Z;14530;PHP;Discover 4573982311494005;Mastercard 4935476635235091;Перевод с карты на карту
Euro;2979557;EXECUTED;2023-07-13T13:58:49Z;26279;EUR;Счет 28694210812172680482;Счет 92356841239087789939;Перевод со счета на счет
Baht;405067;EXECUTED;2022-11-28T17:52:43Z;21008;THB;;Счет 70415428501870008564;Открытие вклада
Rupiah;2914913;EXECUTED;2020-11-18T21:17:05Z;13888;IDR;American Express 8063285986699650;Mastercard 1695740993384893;Перевод с карты на карту
Rupiah;1441986;EXECUTED;2020-04-30T08:37:17Z;14356;IDR;American Express 9143190180821093;Visa 1754001355342425;Перевод с карты на карту
Ruble;4967751;CANCELED;2022-08-01T17:16:42Z;18241;RUB;Discover 2510997056903668;Visa 5176450912871980;Перевод с карты на карту
Manat;1379139;PENDING;2022-05-24T20:41:16Z;14160;AZN;Discover 9659662475890450;Discover 1864760256062832;Перевод с карты на карту
Krona;3497395;EXECUTED;2020-04-13T22:31:01Z;27769;SEK;;Счет 45541055869952197495;Открытие вклада
Pound;4612198;EXECUTED;2020-07-19T03:15:49Z;21163;EGP;;Счет 06046825775893944654;Открытие вклада
Yuan Renminbi;4443353;EXECUTED;2022-03-11T09:55:29Z;26401;CNY;American Express 9169124843687636;Visa 2934477295358099;Перевод с карты на карту
Peso;1522040;EXECUTED;2023-04-09T13:31:31Z;15020;CLP;Mastercard 9147085041595377;American Express 8088958095150478;Перевод с карты на карту
Zloty;4398796;EXECUTED;2022-01-10T02:59:51Z;20293;PLN;American Express 1247216335781067;Mastercard 5715944033433205;Перевод с карты на карту
Shilling;5064981;EXECUTED;2020-06-14T21:50:32Z;34544;KES;;Счет 87162801326160110075;Открытие вклада
Shekel;1387413;EXECUTED;2020-07-09T23:28:14Z;16028;ILS;;Счет 97502862442965698121;Открытие вклада
Yuan Renminbi;2948386;EXECUTED;2023-04-01T12:02:06Z;26405;CNY;American Express 7682181798464709;Счет 93737829810907580744;Перевод организации
Rupiah;3123481;CANCELED;2023-07-15T01:02:42Z;13578;IDR;Mastercard 5680368377764854;American Express 1298846920198860;Перевод с карты на карту
Naira;512976;EXECUTED;2022-02-10T02:59:35Z;14342;NGN;American Express 2479027296417707;Mastercard 2118723450691392;Перевод с карты на карту
Yen;3306334;CANCELED;2023-10-04T21:31:52Z;20825;JPY;Visa 1029598091153362;Счет 66817481936655029590;Перевод организации
Ruble;2611948;PENDING;2022-02-08T17:16:05Z;15911;RUB;Discover 6348321385395461;Mastercard 7325946652944710;Перевод с карты на карту
Pound;4210081;CANCELED;2022-06-01T20:40:14Z;20882;EGP;;Счет 20588590232394945686;Открытие вклада
Ariary;4924104;PENDING;2021-06-07T17:23:26Z;13036;MGA;Mastercard 9984189726356135;American Express 9496683068632548;Перевод с карты на карту
Sol;1453528;EXECUTED;2020-12-26T12:22:59Z;24614;PEN;American Express 0874438357929097;American Express 2043827488585986;Перевод с карты на карту
Yuan Renminbi;3833383;EXECUTED;2020-10-20T04:30:41Z;24706;CNY;Mastercard 1333736453866448;American Express 2001671059412435;Перевод с карты на карту
Dram;1300014;EXECUTED;2021-03-23T17:28:38Z;16276;AMD;Discover 5462310471174855;Mastercard 5051030951146472;Перевод с карты на карту
Yuan Renminbi;3456154;PENDING;2022-02-02T11:46:42Z;16193;CNY;Visa 8600999617172909;Visa 2844866498722428;Перевод с карты на карту
Ruble;3685558;CANCELED;2022-05-06T15:14:42Z;26570;RUB;Mastercard 7004562378757988;Mastercard 0825255021365694;Перевод с карты на карту
Dong;1165374;EXECUTED;2023-05-28T07:44:37Z;18924;VND;Discover 6573220609816188;Discover 9351896556617255;Перевод с карты на карту
Dirham;726807;EXECUTED;2023-02-10T07:31:41Z;19955;MAD;Счет 06636613357397067467;Счет 03936975258912077744;Перевод со счета на счет
Yuan Renminbi;1902667;CANCELED;2020-02-24T08:31:11Z;25859;CNY;Discover 1601792099597360;Visa 0293980784507463;Перевод с карты на карту
Yuan Renminbi;327307;CANCELED;2020-12-05T15:49:25Z;14306;CNY;American Express 9028896043787749;Visa 5928608009409515;Перевод с карты на карту
Zloty;439075;EXECUTED;2020-07-27T01:54:01Z;28260;PLN;American Express 3972065433339638;Visa 6170999529692389;Перевод с карты на карту
Peso;1927497;EXECUTED;2020-10-29T22:42:43Z;29760;PHP;Счет 21135355953772999542;Счет 55887498738869235832;Перевод со счета на счет
Peso;4389067;EXECUTED;2023-11-10T05:12:57Z;20539;CUP;Visa 1046601770510966;Visa 3844034954049614;Перевод с карты на карту
Peso;2785941;CANCELED;2021-02-09T05:55:48Z;22227;PHP;Visa 1211736622503262;Discover 4573836066399753;Перевод с карты на карту
Yuan Renminbi;2756393;EXECUTED;2020-07-30T13:08:10Z;14422;CNY;;Счет 32748708969169200933;Открытие вклада
Yuan Renminbi;599027;PENDING;2022-02-21T02:56:37Z;12373;CNY;American Express 6311535048493715;Discover 6103555688511371;Перевод с карты на карту
Yuan Renminbi;3080764;EXECUTED;2020-04-05T17:15:05Z;24757;CNY;Mastercard 0249962785252276;Mastercard 3497558588626189;Перевод с карты на карту
Baht;680730;EXECUTED;2022-07-26T12:57:15Z;29492;THB;Visa 9022982028350429;Mastercard 2122026619911974;Перевод с карты на карту
Tenge;3327991;PENDING;2020-01-02T14:56:56Z;21565;KZT;Visa 6101438539947726;Mastercard 1093643052935424;Перевод с карты на карту
Ruble;3036684;EXECUTED;2022-03-25T01:54:48Z;22818;RUB;American Express 5289343085624249;Счет 37876144219366357273;Перевод организации
Yuan Renminbi;3061748;CANCELED;2020-06-17T11:50:30Z;28322;CNY;Visa 1359185537481291;Discover 0843636635891776;Перевод с карты на карту
Shekel;2960398;EXECUTED;2022-06-18T06:48:37Z;24677;ILS;Discover 7324391935910827;American Express 7921742013738369;Перевод с карты на карту
Rupiah;216268;EXECUTED;2021-12-16T16:30:47Z;29188;IDR;;Счет 85522230938749372427;Открытие вклада
Shekel;3113401;EXECUTED;2021-09-13T01:50:43Z;20356;ILS;Visa 0723667105507272;American Express 9942207938412902;Перевод с карты на карту
Yen;1802648;EXECUTED;2022-12-31T08:49:27Z;21591;JPY;Discover 8645223566080480;Discover 1228012474535802;Перевод с карты на карту
Rial;603367;CANCELED;2022-05-01T09:41:33Z;19253;IRR;Visa 8108956690063326;Счет 37037858323164558189;Перевод организации
Kuna;3425560;EXECUTED;2023-08-05T07:49:52Z;28847;HRK;Mastercard 6032275004365579;Mastercard 0183189965945417;Перевод с карты на карту
Rupiah;4768701;PENDING;2022-07-28T07:11:34Z;14922;IDR;Discover 9845271582621310;Discover 2528293109343153;Перевод с карты на карту
Hryvnia;230224;EXECUTED;2023-05-06T05:22:48Z;26228;UAH;American Express 8220175236913887;Mastercard 4802624159804288;Перевод с карты на карту
Lek;2850514;PENDING;2020-12-28T17:53:13Z;23686;ALL;Discover 9576458861815708;Mastercard 4321975182864595;Перевод с карты на карту
Hryvnia;4234448;CANCELED;2023-09-08T10:10:17Z;24237;UAH;;Счет 97314618742902814769;Открытие вклада
Yen;1279142;PENDING;2020-02-12T13:37:23Z;16376;JPY;Mastercard 5444471272260826;Visa 9213489075974563;Перевод с карты на карту
Dollar;1388171;EXECUTED;2023-07-14T15:11:56Z;12150;BSD;Mastercard 3773074923283720;Mastercard 6858852082832671;Перевод с карты на карту
Yuan Renminbi;5338004;EXECUTED;2020-03-30T20:13:31Z;24128;CNY;Mastercard 0188382670172599;Счет 29330609189568305731;Перевод организации
Real;2514202;EXECUTED;2021-09-04T02:12:30Z;31609;BRL;;Счет 04404258976890644934;Открытие вклада
Rupiah;1617731;EXECUTED;2021-11-10T16:27:02Z;29279;IDR;Счет 91299877420956980418;Счет 97627688254834676901;Перевод со счета на счет
Rupiah;349946;EXECUTED;2023-08-06T06:33:13Z;23742;IDR;;Счет 31470633517516216972;Открытие вклада
Euro;2300960;PENDING;2020-05-10T21:18:59Z;21170;EUR;American Express 2077167756122624;Счет 12692107571051189313;Перевод организации
Rupiah;3015231;PENDING;2022-01-13T03:15:00Z;21470;IDR;Mastercard 9800302102501629;Mastercard 2405382947502377;Перевод с карты на карту
Euro;2413465;CANCELED;2021-05-02T07:34:35Z;34576;EUR;American Express 9594487834827260;Discover 3052691668030750;Перевод с карты на карту
Ruble;2037712;EXECUTED;2023-07-31T16:44:50Z;11562;RUB;American Express 6902837737884644;American Express 1368443024115273;Перевод с карты на карту
Dong;1380530;PENDING;2023-05-22T12:49:50Z;32118;VND;Discover 1625204231900607;Mastercard 6547698108887955;Перевод с карты на карту
Yuan Renminbi;724939;CANCELED;2020-10-28T00:51:11Z;20082;CNY;Discover 2285798156070275;Visa 9513919641330425;Перевод с карты на карту
Franc;3232597;EXECUTED;2020-11-22T14:09:37Z;28208;XAF;American Express 2933932533113054;Discover 6226871375970632;Перевод с карты на карту
Real;4200454;EXECUTED;2022-03-29T14:25:48Z;22057;BRL;Mastercard 5392506448758414;American Express 2183728061661120;Перевод с карты на карту
Krona;1476839;EXECUTED;2021-05-11T06:26:06Z;24829;SEK;;Счет 89272272688021038059;Открытие вклада
Yuan Renminbi;5334238;EXECUTED;2023-07-08T18:38:35Z;32091;CNY;;Счет 01298833605277162165;Открытие вклада
Rupiah;3415187;PENDING;2022-10-10T00:58:18Z;25180;IDR;American Express 0358075953034789;Visa 7020384213026064;Перевод с карты на карту
Zloty;3393428;CANCELED;2020-10-03T18:58:14Z;26366;PLN;Discover 6041689343106380;American Express 1961663078355667;Перевод с карты на карту
Rupiah;4026887;PENDING;2021-11-18T07:16:36Z;34138;IDR;Discover 1747353075279525;Visa 3125438085014296;Перевод с карты на карту
Rupiah;1351481;EXECUTED;2020-05-03T22:09:55Z;30476;IDR;Visa 6798617315186545;Mastercard 6604789652209646;Перевод с карты на карту
Rupiah;3586258;EXECUTED;2021-02-15T09:26:06Z;31645;IDR;;Счет 56497431151249388507;Открытие вклада
Yuan Renminbi;1156922;EXECUTED;2021-08-01T10:40:04Z;31380;CNY;American Express 3337753321208366;Счет 98342889863750388397;Перевод организации
Euro;879954;PENDING;2022-02-20T00:34:43Z;19037;EUR;American Express 7505798122789172;American Express 4033942449270190;Перевод с карты на карту
Rupiah;2443999;EXECUTED;2020-09-06T16:05:37Z;26734;IDR;Mastercard 9726709734708235;American Express 5069436335433663;Перевод с карты на карту
Lempira;2352308;PENDING;2021-12-10T02:57:49Z;11358;HNL;Mastercard 9035732695110352;Visa 8440267076775146;Перевод с карты на карту
Tugrik;2854598;EXECUTED;2022-01-31T14:36:17Z;33186;MNT;Счет 46066065234140686072;Счет 25990613209266883598;Перевод со счета на счет
Kyat;4754778;PENDING;2023-03-22T19:17:05Z;14992;MMK;Discover 9055259074920445;American Express 3629785004484612;Перевод с карты на карту
Rial;4334041;EXECUTED;2022-04-04T10:18:00Z;26815;OMR;Discover 1088570417182649;Mastercard 4849489084219692;Перевод с карты на карту
Ruble;1358349;PENDING;2020-10-05T10:31:57Z;31503;RUB;;Счет 69086868315648596195;Открытие вклада
Peso;3008563;EXECUTED;2021-06-27T00:24:40Z;30676;COP;Discover 9288658523884462;Discover 1675227087213295;Перевод с карты на карту
Dollar;3452026;EXECUTED;2020-11-29T04:05:22Z;13904;USD;Discover 3997172545715093;Visa 1271700028218282;Перевод с карты на карту
Rupiah;28752;EXECUTED;2020-06-12T18:13:49Z;14280;IDR;Visa 0482592248028280;Discover 0377336897067978;Перевод с карты на карту
Rupiah;1360110;CANCELED;2020-08-21T23:36:53Z;11369;IDR;;Счет 69506784209300438068;Открытие вклада
Ruble;4569563;EXECUTED;2022-05-31T12:42:38Z;29532;RUB;Visa 9698316448168820;Счет 91507178049597221508;Перевод организации
Yen;2012882;CANCELED;2022-05-18T23:56:30Z;16603;JPY;Visa 3869022043135134;Счет 68777928906074308386;Перевод организации
Yuan Renminbi;558890;EXECUTED;2021-06-16T12:49:07Z;12427;CNY;Счет 11566380174877790074;Счет 74115943345949412181;Перевод со счета на счет
Dalasi;1551166;EXECUTED;2023-08-08T06:20:32Z;17842;GMD;American Express 0395914838661825;American Express 8409502985214737;Перевод с карты на карту
Rupiah;1693111;EXECUTED;2022-12-10T08:36:52Z;31677;IDR;Mastercard 6842170440603597;Visa 0471283840498463;Перевод с карты на карту
Yuan Renminbi;908382;EXECUTED;2020-12-09T10:12:29Z;23854;CNY;Счет 23088442150546685669;Счет 47740967047235244813;Перевод со счета на счет
Sol;5089912;EXECUTED;2021-05-22T23:01:51Z;32548;PEN;Visa 2631801931326824;Mastercard 8284431390018235;Перевод с карты на карту
Real;3471677;EXECUTED;2021-03-13T16:17:07Z;11772;BRL;Visa 7758085908041346;Visa 2810561341171616;Перевод с карты на карту
Ruble;379155;PENDING;2021-04-06T20:25:12Z;23765;BYR;;Счет 47740967047235244813;Открытие вклада
Kwanza;4835094;CANCELED;2022-10-07T11:48:32Z;19663;AOA;Visa 8763379793013723;Счет 74619639247860575344;Перевод организации
Rupiah;4711001;CANCELED;2023-05-11T21:45:56Z;34157;IDR;American Express 2857211436189179;American Express 6360787484826256;Перевод с карты на карту
Sol;4537781;EXECUTED;2022-05-11T09:44:25Z;21921;PEN;Visa 8831032741874724;American Express 1466174582470293;Перевод с карты на карту
Yuan Renminbi;3096393;EXECUTED;2020-05-19T05:17:01Z;16510;CNY;Mastercard 0045192228548164;Счет 02495401027894245703;Перевод организации
Rupiah;1718927;PENDING;2020-01-30T00:05:50Z;11284;IDR;;Счет 58661644025578523199;Открытие вклада
Rupiah;5441712;EXECUTED;2022-01-08T04:56:42Z;11972;IDR;American Express 2479866998030340;Visa 0893227870473409;Перевод с карты на карту
Euro;5425151;EXECUTED;2023-06-13T18:21:09Z;17826;EUR;Счет 31721554537010850159;Счет 85407266025384686794;Перевод со счета на счет
Yuan Renminbi;4892900;EXECUTED;2022-09-24T11:31:07Z;22893;CNY;Mastercard 4728451367326434;American Express 6640255106144358;Перевод с карты на карту
Franc;2367328;PENDING;2022-08-29T16:22:32Z;27012;XOF;Discover 1781865926439519;American Express 7807738435996717;Перевод с карты на карту
Rupiah;3896277;PENDING;2023-01-06T10:17:09Z;12077;IDR;;Счет 38786697703780679258;Открытие вклада
Rupiah;4547801;PENDING;2023-01-21T23:58:59Z;14109;IDR;;Счет 37292228167431639458;Открытие вклада
Yuan Renminbi;4415761;EXECUTED;2023-08-11T17:09:23Z;11353;CNY;;Счет 09295963896712034608;Открытие вклада
Yuan Renminbi;2551770;EXECUTED;2020-12-28T04:11:21Z;22712;CNY;Discover 9174977643576639;Счет 52257899944189235733;Перевод организации
Ruble;3691525;EXECUTED;2021-03-14T07:31:40Z;12576;RUB;Discover 8455447150087314;Счет 70453658863403233739;Перевод организации
Yen;5179048;EXECUTED;2022-09-03T09:34:24Z;31521;JPY;Счет 59534889651423586320;Счет 36811952681529633206;Перевод со счета на счет
Won;5377229;EXECUTED;2020-11-13T18:31:57Z;23342;KRW;;Счет 46902032153653617736;Открытие вклада
Euro;3007428;CANCELED;2020-09-26T13:13:47Z;23018;EUR;American Express 1885071020839637;Mastercard 0284573420591787;Перевод с карты на карту
Yuan Renminbi;1420514;CANCELED;2020-03-13T20:51:45Z;27490;CNY;Discover 8638516944975160;Visa 3373381060903806;Перевод с карты на карту
Shekel;634616;EXECUTED;2021-02-05T05:08:40Z;32588;ILS;Счет 35195797029781719656;Счет 31264381060801999248;Перевод со счета на счет
Euro;4734516;EXECUTED;2022-06-03T20:37:17Z;15031;EUR;;Счет 96690027607569962490;Открытие вклада
Krona;2927678;PENDING;2020-04-20T08:50:55Z;22584;SEK;Visa 5273150871379598;Visa 2228394034527340;Перевод с карты на карту
Rupiah;2460621;PENDING;2020-11-28T15:04:06Z;18158;IDR;;Счет 96408418161748634691;Открытие вклада
Yuan Renminbi;1979998;EXECUTED;2021-02-22T00:51:39Z;23534;CNY;American Express 6020270819126293;Visa 4261808452060055;Перевод с карты на карту
Yuan Renminbi;3810758;EXECUTED;2022-06-04T21:45:58Z;29801;CNY;;Счет 56283776493392806740;Открытие вклада
Rupiah;2767427;EXECUTED;2021-02-09T16:11:41Z;27557;IDR;American Express 7477353911723378;Mastercard 1402368714925615;Перевод с карты на карту
Rupiah;3016370;EXECUTED;2020-09-22T15:17:30Z;16758;IDR;American Express 5028925693257690;Discover 6091540200889316;Перевод с карты на карту
Ruble;1608930;EXECUTED;2022-04-24T07:33:16Z;18125;RUB;Mastercard 8817383202472795;Discover 3942175254816690;Перевод с карты на карту
Yuan Renminbi;3862;EXECUTED;2021-05-03T06:32:16Z;27659;CNY;;Счет 19936602583627093270;Открытие вклада
Euro;5431193;EXECUTED;2023-07-22T04:42:19Z;31666;EUR;Visa 3372623503519548;Visa 9450037731048655;Перевод с карты на карту
Guarani;1983712;EXECUTED;2022-09-28T12:22:06Z;29469;PYG;;Счет 26735130351449708079;Открытие вклада
Naira;4028597;EXECUTED;2022-01-23T00:38:02Z;29959;NGN;;Счет 81029074724669122474;Открытие вклада
Real;4000226;CANCELED;2020-10-15T12:58:44Z;15811;BRL;;Счет 69133382441815964889;Открытие вклада
Real;657871;EXECUTED;2020-09-05T10:55:34Z;27001;BRL;Discover 0217919936031483;Mastercard 4418672564644161;Перевод с карты на карту
Rupiah;3165390;CANCELED;2020-09-05T22:15:10Z;30446;IDR;Visa 9111104108695735;Счет 32801675109430052721;Перевод организации
Leu;1100171;PENDING;2021-01-14T07:08:14Z;11683;MDL;;Счет 08116016835671035018;Открытие вклада
Euro;4241482;EXECUTED;2020-06-14T00:38:26Z;12883;EUR;American Express 7925414478447415;Discover 3248980422389126;Перевод с карты на карту
Euro;3912659;EXECUTED;2022-11-10T10:59:57Z;20359;EUR;Счет 84772566576779073867;Счет 51789566328678550571;Перевод со счета на счет
Real;1338538;EXECUTED;2020-01-19T16:23:39Z;14989;BRL;;Счет 23220034130878382629;Открытие вклада
Zloty;4935914;PENDING;2023-10-10T02:24:12Z;21686;PLN;American Express 6113480057863136;Discover 4775142254527406;Перевод с карты на карту
Yuan Renminbi;1783806;EXECUTED;2022-06-06T12:41:37Z;29514;CNY;;Счет 45251371453569515319;Открытие вклада
Ariary;178442;CANCELED;2023-04-14T02:31:59Z;18234;MGA;American Express 1326444308297544;Счет 87729722681135486451;Перевод организации
Koruna;1273971;EXECUTED;2020-03-13T02:59:12Z;20340;CZK;American Express 1765504244435906;Discover 2511193251656040;Перевод с карты на карту
Ruble;1938897;EXECUTED;2022-09-09T01:21:13Z;20083;RUB;Счет 86244850477007883319;Счет 81698090448201122541;Перевод со счета на счет
Real;2714414;EXECUTED;2020-09-23T11:13:12Z;15197;BRL;Visa 6732434149908393;American Express 8593751538402455;Перевод с карты на карту
Euro;4715657;EXECUTED;2021-04-18T14:46:50Z;26241;EUR;;Счет 18723067209786329754;Открытие вклада
Ruble;2973415;CANCELED;2023-07-19T02:48:06Z;15601;RUB;Visa 5867137497562917;Discover 3332388352371784;Перевод с карты на карту
Rand;2118921;EXECUTED;2021-08-08T23:53:52Z;30698;ZAR;Mastercard 7108773872682369;Discover 3197637653117698;Перевод с карты на карту
Dollar;4048016;EXECUTED;2021-01-18T04:21:03Z;13016;USD;Visa 1822464877037712;Счет 76364325991125397630;Перевод организации
Rupiah;3041751;EXECUTED;2021-10-26T20:47:52Z;31225;IDR;Счет 80224172552292784880;Счет 90191833039827010605;Перевод со счета на счет
Rupiah;4270314;EXECUTED;2022-02-15T22:52:54Z;24038;IDR;Счет 02691225647658958232;Счет 39307194048455580243;Перевод со счета на счет
Yuan Renminbi;4816780;EXECUTED;2022-07-10T19:31:43Z;18833;CNY;Discover 5399197086060641;Visa 5416070245776578;Перевод с карты на карту
Rupiah;3194671;EXECUTED;2022-06-09T11:38:05Z;29264;IDR;Mastercard 2918298467419750;American Express 0533907678914511;Перевод с карты на карту
Birr;1867344;CANCELED;2020-08-02T21:41:03Z;18405;ETB;Discover 0226536530912909;American Express 1134625424537532;Перевод с карты на карту
Kwacha;1685961;CANCELED;2020-07-23T03:52:45Z;12317;ZMW;Visa 7227419491836001;Visa 3483890719203095;Перевод с карты на карту
Yuan Renminbi;1986667;EXECUTED;2023-01-21T17:49:00Z;18714;CNY;American Express 1691246927351408;Mastercard 8151044729025830;Перевод с карты на карту
Euro;965351;CANCELED;2022-07-02T15:22:31Z;29866;EUR;Discover 4593062041236658;Mastercard 3719208098203653;Перевод с карты на карту
Krona;2035749;EXECUTED;2021-04-08T10:45:39Z;20504;SEK;Mastercard 0889907951913287;Visa 2716589984100897;Перевод с карты на карту
Dollar;4136534;PENDING;2023-03-03T19:31:48Z;21909;CAD;Mastercard 4534142823002219;Счет 26030281604290741032;Перевод организации
Yuan Renminbi;5360298;EXECUTED;2022-06-08T15:02:20Z;14453;CNY;;Счет 37691874930878159024;Открытие вклада
Yuan Renminbi;2161648;EXECUTED;2022-02-28T03:41:05Z;29036;CNY;American Express 1478543718881717;Visa 3473835026129304;Перевод с карты на карту
Denar;4537613;EXECUTED;2020-05-01T05:11:52Z;15559;MKD;;Счет 04861195584806335361;Открытие вклада
Rupiah;5293227;EXECUTED;2020-01-04T09:08:53Z;20057;IDR;American Express 2116425281031997;American Express 8012980677386841;Перевод с карты на карту
Krona;1473371;EXECUTED;2023-06-26T00:45:54Z;25803;SEK;Счет 53667996076872401192;Счет 87196124715698829517;Перевод со счета на счет
Ruble;2407135;EXECUTED;2022-08-07T12:37:13Z;15333;RUB;Discover 6574691179829422;Discover 4659403386698758;Перевод с карты на карту
Ruble;4333005;PENDING;2020-02-06T11:36:24Z;12480;RUB;Mastercard 7673263953329337;Discover 6961587092605561;Перевод с карты на карту
Rupiah;2998233;CANCELED;2020-12-24T11:32:48Z;22659;IDR;Visa 4050503394900724;Visa 1090237511782025;Перевод с карты на карту
Peso;623222;EXECUTED;2021-02-21T22:36:14Z;31384;PHP;;Счет 63001674290020324128;Открытие вклада
Rupiah;4861677;CANCELED;2022-12-01T02:46:48Z;18175;IDR;Mastercard 8930638977205518;American Express 4666899135384912;Перевод с карты на карту
Rupiah;933067;EXECUTED;2022-02-20T19:39:35Z;23606;IDR;Discover 1840188963578502;Mastercard 5713740711744549;Перевод с карты на карту
Tugrik;247565;EXECUTED;2023-08-30T03:42:07Z;28573;MNT;Visa 9774019383356735;Discover 4051037194361986;Перевод с карты на карту
Colon;5158681;EXECUTED;2020-09-07T00:13:00Z;12237;CRC;;Счет 49125705423607947451;Открытие вклада
Won;3869757;EXECUTED;2021-08-28T15:02:53Z;21657;KRW;American Express 7666682546487609;Счет 62190083133988481008;Перевод организации
Franc;3067488;EXECUTED;2022-05-13T14:01:24Z;17359;XOF;;Счет 68004740631560579440;Открытие вклада
Peso;86937;EXECUTED;2020-06-08T17:05:55Z;13600;PHP;Mastercard 6498229229138443;Mastercard 2516515265860980;Перевод с карты на карту
Pound;3530319;PENDING;2022-02-08T18:49:18Z;11294;SYP;Счет 64339097692172543801;Счет 65515023539147659794;Перевод со счета на счет
Shekel;4585117;PENDING;2022-10-30T01:13:39Z;31183;ILS;American Express 1645890173600671;American Express 4738095110228336;Перевод с карты на карту
Denar;980934;CANCELED;2022-08-09T16:40:56Z;19984;MKD;Visa 8118831819514822;Visa 3834738689849997;Перевод с карты на карту
Real;2528292;EXECUTED;2021-09-29T16:23:50Z;13964;BRL;;Счет 57722832117985490259;Открытие вклада
Peso;1982883;EXECUTED;2020-08-21T05:30:40Z;14195;PHP;Счет 71672643329658156340;Счет 55004304583222449176;Перевод со счета на счет
Euro;3538118;EXECUTED;2021-07-25T23:49:08Z;27273;EUR;Mastercard 5527832318441154;Visa 3094485099995524;Перевод с карты на карту
Dollar;4108682;EXECUTED;2023-04-21T01:22:42Z;23818;ZWL;Счет 76802369113362810826;Счет 09259769881597013570;Перевод со счета на счет
Peso;2236163;PENDING;2023-06-29T20:33:57Z;19612;PHP;Счет 40742441133364006255;Счет 52562367063354770261;Перевод со счета на счет
Rupiah;4798686;EXECUTED;2022-06-24T09:56:11Z;27161;IDR;American Express 5886408194837722;Счет 91273681805399484899;Перевод организации
Yuan Renminbi;3303846;EXECUTED;2022-11-09T02:58:34Z;22435;CNY;Mastercard 0243313614529446;Visa 0833884492936128;Перевод с карты на карту
Peso;3454563;EXECUTED;2023-05-24T17:20:40Z;26383;DOP;Discover 0877300524303700;Mastercard 9503997041361150;Перевод с карты на карту
Yuan Renminbi;705801;EXECUTED;2022-03-26T03:44:05Z;14656;CNY;Счет 04742683428333291836;Счет 43339641766183302441;Перевод со счета на счет
Euro;1755044;EXECUTED;2023-05-14T07:14:56Z;30879;EUR;Mastercard 9752594665312260;Discover 3313277406142070;Перевод с карты на карту
Zloty;1095430;EXECUTED;2020-12-13T01:32:27Z;20199;PLN;Visa 0724101113837922;Mastercard 8461257742077490;Перевод с карты на карту
Sol;370987;EXECUTED;2022-11-20T00:53:12Z;22168;PEN;Discover 2384936521478279;Discover 7842872234180961;Перевод с карты на карту
Dirham;3431663;EXECUTED;2020-09-03T18:10:01Z;14692;MAD;Discover 6107749699901265;Mastercard 6224824751764997;Перевод с карты на карту
Koruna;2487375;EXECUTED;2023-10-28T01:54:42Z;28923;CZK;Discover 2805605465672180;American Express 6533078917571069;Перевод с карты на карту
Rupiah;1339705;EXECUTED;2020-10-14T03:24:22Z;28004;IDR;Mastercard 8685716523724966;American Express 2144390914499953;Перевод с карты на карту
Euro;2130317;CANCELED;2023-02-12T17:00:13Z;13110;EUR;Visa 1798516137758885;American Express 9240116466875419;Перевод с карты на карту
Yuan Renminbi;3438816;CANCELED;2023-11-05T16:48:43Z;26079;CNY;Mastercard 5108614767969466;Visa 5767539451711776;Перевод с карты на карту
Euro;2777241;EXECUTED;2022-08-06T18:50:59Z;31387;EUR;;Счет 14195503151882870500;Открытие вклада
Yuan Renminbi;179297;CANCELED;2021-07-18T17:01:37Z;22903;CNY;Visa 5246468940177899;Discover 4943164861012443;Перевод с карты на карту
Euro;5245387;PENDING;2023-08-11T06:53:48Z;25234;EUR;American Express 8621646228906535;American Express 8098137039932677;Перевод с карты на карту
Euro;607427;EXECUTED;2022-10-01T18:21:02Z;30841;EUR;Mastercard 9925016125066440;Счет 09571733738592505198;Перевод организации
Rupiah;1951541;EXECUTED;2021-08-08T12:02:26Z;24578;IDR;Счет 32336212676182149396;Счет 63310393419531139775;Перевод со счета на счет
Rupiah;2060808;EXECUTED;2023-05-29T10:46:27Z;17205;IDR;American Express 6824612302544616;Discover 9272851343747436;Перевод с карты на карту
Rupiah;481674;PENDING;2023-06-27T11:17:05Z;24192;IDR;;Счет 30690764917065605785;Открытие вклада
Yuan Renminbi;3841619;EXECUTED;2021-11-17T04:36:33Z;20412;CNY;Mastercard 9807327200481485;Mastercard 0299086655780284;Перевод с карты на карту
Koruna;5453219;PENDING;2020-06-26T19:31:50Z;34289;CZK;;Счет 23862786914703615175;Открытие вклада
Yuan Renminbi;3153071;EXECUTED;2023-05-20T21:17:42Z;13313;CNY;Mastercard 0794952418427529;Счет 30468403156080458573;Перевод организации
Peso;2961341;PENDING;2022-12-05T22:01:59Z;19724;PHP;Visa 5505312713585497;Счет 63298657753084851664;Перевод организации
Yuan Renminbi;4838619;EXECUTED;2020-04-26T10:41:18Z;26514;CNY;;Счет 74650466361774178409;Открытие вклада
Baht;2230588;CANCELED;2023-08-02T10:32:00Z;19286;THB;Visa 5185869643817810;Счет 76800397851665030198;Перевод организации
Rupiah;993757;EXECUTED;2021-04-10T00:15:28Z;29404;IDR;;Mastercard 5571473906374337;Открытие вклада
Euro;2803160;EXECUTED;2021-03-05T16:24:50Z;25564;EUR;American Express 1555233301970134;Mastercard 6216600381341670;Перевод с карты на карту
Peso;184982;EXECUTED;2023-10-18T09:58:30Z;30875;PHP;Счет 68618274472387272521;Счет 34738427654190529447;Перевод со счета на счет
Dollar;1864965;EXECUTED;2020-11-15T12:11:02Z;27263;CAD;Mastercard 3958840916920306;Visa 2571463246095167;Перевод с карты на карту
Rupiah;23440;EXECUTED;2020-01-12T21:18:53Z;18722;IDR;Mastercard 5602170315013567;Mastercard 8900744357320212;Перевод с карты на карту
Rupiah;4252882;EXECUTED;2021-12-28T17:45:00Z;14529;IDR;Mastercard 3509089718655139;Счет 93392096295283606285;Перевод организации
Baht;4981054;PENDING;2022-06-23T06:14:20Z;30316;THB;;Счет 90489082675296745022;Открытие вклада
Dollar;145602;PENDING;2022-09-27T19:32:41Z;20423;USD;;Счет 96420288541936966744;Открытие вклада
Hryvnia;1649449;EXECUTED;2020-07-23T05:16:10Z;31244;UAH;Счет 10466210146357715653;Счет 36092807347166992186;Перевод со счета на счет
Peso;3108420;EXECUTED;2022-11-02T17:04:23Z;28277;PHP;Visa 7682301364226873;Mastercard 3106557426290278;Перевод с карты на карту
Naira;4454103;EXECUTED;2021-11-14T23:39:51Z;11810;NGN;Mastercard 2136046871690126;Mastercard 7042400439502416;Перевод с карты на карту
Zloty;3909380;EXECUTED;2021-08-25T03:43:29Z;13649;PLN;American Express 5211438944540134;Visa 8316296173787409;Перевод с карты на карту
Dollar;3390503;EXECUTED;2023-10-23T02:58:24Z;26618;USD;Discover 5363382794429079;Mastercard 3479304052123302;Перевод с карты на карту
Hryvnia;470092;PENDING;2020-12-03T14:53:40Z;30922;UAH;;Счет 73554102589353530426;Открытие вклада
Yuan Renminbi;3613611;EXECUTED;2022-02-26T16:40:39Z;25092;CNY;;Счет 87155597019241140791;Открытие вклада
Peso;889749;EXECUTED;2020-08-17T18:26:12Z;19887;PHP;;Счет 12861073027764218922;Открытие вклада
Kuna;5176659;EXECUTED;2022-10-10T05:04:11Z;22130;HRK;American Express 2005673958766293;Discover 1840803393135690;Перевод с карты на карту
Yuan Renminbi;3243213;PENDING;2020-08-03T12:47:55Z;18212;CNY;;Mastercard 6840667987524201;Открытие вклада
Yuan Renminbi;3009326;EXECUTED;2023-01-14T14:39:46Z;22317;CNY;;Счет 26393704193461839840;Открытие вклада
Shilling;5492982;CANCELED;2020-03-31T11:18:23Z;22792;TZS;Discover 9434675009158320;Mastercard 3366006818705356;Перевод с карты на карту
Dollar;1995784;CANCELED;2023-07-04T16:45:09Z;21185;USD;Счет 21198763177103220132;Счет 70934017444707070769;Перевод со счета на счет
Dollar;1186987;EXECUTED;2020-12-29T12:58:43Z;17720;USD;American Express 6132601488769441;American Express 3682144031882457;Перевод с карты на карту
Manat;4791426;CANCELED;2022-11-29T14:18:03Z;21164;AZN;Discover 1973384344839349;Mastercard 0697867977114980;Перевод с карты на карту
Bolivar;2356504;CANCELED;2023-06-16T03:29:16Z;11793;VEF;American Express 7978028792621638;Discover 0303573324449618;Перевод с карты на карту
Dollar;860180;EXECUTED;2022-01-29T12:24:16Z;34059;BBD;Счет 08521607300947112217;Счет 47748213568318724968;Перевод со счета на счет
Dollar;2309928;CANCELED;2021-09-30T04:55:48Z;17254;USD;Visa 7008199142226268;Discover 1324430366166840;Перевод с карты на карту
Yuan Renminbi;665945;EXECUTED;2023-02-11T07:00:14Z;25582;CNY;Mastercard 7873561790589216;Discover 6216063892409289;Перевод с карты на карту
Hryvnia;4877288;PENDING;2023-03-22T21:06:55Z;32771;UAH;Discover 3175955318657678;American Express 9365944599565412;Перевод с карты на карту
Ruble;4377488;CANCELED;2023-07-02T19:32:47Z;33265;RUB;Discover 6505902114235361;Счет 35036089776755124501;Перевод организации
Yuan Renminbi;4090845;EXECUTED;2020-10-21T19:33:56Z;33047;CNY;Mastercard 0881837665755629;Discover 8878436805864916;Перевод с карты на карту
Rupiah;3891105;CANCELED;2023-03-13T16:56:42Z;15427;IDR;;Счет 26393704193461839840;Открытие вклада
Yuan Renminbi;1962175;EXECUTED;2021-11-16T19:02:59Z;28652;CNY;Discover 9323363747302557;American Express 8550744819721719;Перевод с карты на карту
Euro;1319716;EXECUTED;2020-12-01T00:28:32Z;29565;EUR;;Счет 96118455528870917719;Открытие вклада
Riels;1837484;EXECUTED;2023-08-30T15:59:33Z;31858;KHR;;Счет 29532014093950544161;Открытие вклада
Baht;5161584;PENDING;2021-01-10T11:47:23Z;21117;THB;Visa 7161243147790334;Счет 76355617883095566183;Перевод организации
Rupiah;4566720;EXECUTED;2023-04-28T09:11:59Z;23337;IDR;Mastercard 7043145252705225;Discover 8612251241069277;Перевод с карты на карту
Ruble;4692041;EXECUTED;2021-10-25T12:32:28Z;18106;RUB;Mastercard 7725500610751579;Discover 8189486607683162;Перевод с карты на карту
Peso;69381;EXECUTED;2023-06-25T00:54:54Z;25034;PHP;Discover 2069258528599252;American Express 0280213857169957;Перевод с карты на карту
Yuan Renminbi;2618986;EXECUTED;2021-04-23T06:29:57Z;14889;CNY;;Счет 86227039343761470585;Открытие вклада
Tugrik;2848273;PENDING;2023-01-13T20:34:02Z;18871;MNT;;Счет 13106498680479579714;Открытие вклада
Dinar;3558365;EXECUTED;2021-10-27T04:17:02Z;11390;RSD;Discover 8135220731606501;Visa 8519337879237891;Перевод с карты на карту
Peso;5141301;EXECUTED;2021-02-10T05:48:31Z;34449;MXN;Mastercard 9094554442125191;Mastercard 0219801027470764;Перевод с карты на карту
Ruble;2015703;CANCELED;2021-02-06T16:02:25Z;13613;RUB;Visa 5309985455135498;Mastercard 4613141986927768;Перевод с карты на карту
Yuan Renminbi;2440823;EXECUTED;2022-04-28T04:35:47Z;26452;CNY;Счет 57068616020551568657;Счет 39472302173419179046;Перевод со счета на счет
Zloty;3799548;EXECUTED;2021-07-10T23:06:35Z;16367;PLN;Mastercard 9455110822097544;Mastercard 1174677334919819;Перевод с карты на карту
Litas;4632105;EXECUTED;2021-06-28T18:34:24Z;23503;LTL;;Счет 57504665654485902218;Открытие вклада
Peso;5284252;EXECUTED;2022-09-10T20:15:23Z;32460;COP;American Express 1332351885092152;Discover 5220316125164765;Перевод с карты на карту
Sol;4131632;EXECUTED;2023-01-28T14:07:13Z;23279;PEN;Счет 93939790195798221726;Счет 31058385359716629835;Перевод со счета на счет
Rand;2261762;EXECUTED;2021-09-05T10:35:35Z;14166;ZAR;American Express 9413119380041772;Счет 07723181147351793754;Перевод организации
Yuan Renminbi;1877911;EXECUTED;2022-01-16T22:55:45Z;19402;CNY;Discover 7966414999631451;Visa 9890884966614254;Перевод с карты на карту
Litas;2504417;EXECUTED;2020-12-08T13:19:50Z;16974;LTL;Mastercard 8188447897681996;Discover 1532509159225769;Перевод с карты на карту
Euro;698356;EXECUTED;2023-05-03T13:51:53Z;32796;EUR;Visa 8747160483988946;Discover 4433701462447192;Перевод с карты на карту
Cordoba;3146089;PENDING;2023-03-09T07:50:56Z;30095;NIO;Mastercard 1871929909720556;Mastercard 4747357637092907;Перевод с карты на карту
Dollar;1389857;EXECUTED;2020-11-17T17:09:13Z;21603;CAD;;Счет 27138777924099074002;Открытие вклада
Peso;1291866;EXECUTED;2021-01-15T07:59:44Z;32422;PHP;Discover 6160432739111739;Visa 8699751959491458;Перевод с карты на карту
Peso;103583;EXECUTED;2020-09-17T05:18:29Z;17874;PHP;Visa 4855085387443296;Счет 75072264654916538239;Перевод организации
Euro;1779770;EXECUTED;2021-01-01T05:06:24Z;24045;EUR;American Express 3974807204664022;Visa 7286072015230056;Перевод с карты на карту
Sol;1526737;EXECUTED;2021-05-01T13:44:54Z;25899;PEN;Visa 3678907439193029;Visa 2372278911720651;Перевод с карты на карту
Ruble;5051972;EXECUTED;2023-08-25T19:34:26Z;22833;RUB;Счет 57132829784776201423;Счет 95605694496875862934;Перевод со счета на счет
Real;1268635;CANCELED;2021-01-14T18:55:07Z;12828;BRL;;Счет 32248526147178442424;Открытие вклада
Euro;4858820;EXECUTED;2023-11-10T01:45:02Z;26587;EUR;American Express 7790762190747026;Discover 3102325449843941;Перевод с карты на карту
Rupiah;2856643;EXECUTED;2020-07-23T19:59:43Z;18385;IDR;Visa 4452086855883327;Счет 43327248645163885009;Перевод организации
Baht;4379476;EXECUTED;2023-05-29T06:15:58Z;28530;THB;Счет 60460176411943071352;Счет 02531502899282069991;Перевод со счета на счет
Rupee;5413248;EXECUTED;2022-03-12T14:36:54Z;29415;PKR;;Счет 02009734256372108572;Открытие вклада
Euro;427908;CANCELED;2021-05-21T09:37:56Z;20044;EUR;Discover 7329967510672138;Mastercard 1651093824373527;Перевод с карты на карту
Rand;4799791;CANCELED;2021-10-25T05:00:24Z;30532;ZAR;American Express 1585770926274017;Visa 8095447901346272;Перевод с карты на карту
Dinar;516388;PENDING;2020-11-22T16:56:55Z;27921;JOD;Mastercard 7201033785622479;Счет 28268105792239263134;Перевод организации
Yuan Renminbi;165674;EXECUTED;2020-10-25T14:02:21Z;32941;CNY;;Счет 62088989336251710706;Открытие вклада
Hryvnia;599923;EXECUTED;2022-05-17T01:20:27Z;23726;UAH;;Счет 84264068172369308606;Открытие вклада
Dollar;3348456;EXECUTED;2020-10-07T00:05:53Z;15868;JMD;Discover 8768998127167498;Visa 7059136579061251;Перевод с карты на карту
Euro;4715639;EXECUTED;2023-10-05T15:48:11Z;28229;EUR;Mastercard 4045132467361262;Mastercard 2093800981966818;Перевод с карты на карту
Dollar;313261;EXECUTED;2021-08-05T15:53:37Z;32359;CAD;Discover 5633142677244160;American Express 2510622542505947;Перевод с карты на карту
Gourde;1867114;EXECUTED;2021-05-10T18:55:29Z;14544;HTG;Mastercard 0767525826606493;Счет 76157683185767446509;Перевод организации
Euro;285162;EXECUTED;2020-02-16T05:57:14Z;14998;EUR;Visa 5657694484999647;Счет 80381715426372893972;Перевод организации
Yuan Renminbi;497278;EXECUTED;2023-11-04T10:07:05Z;18259;CNY;Discover 6474281107647502;Visa 8491958677715838;Перевод с карты на карту
Yuan Renminbi;1065717;EXECUTED;2022-12-19T10:33:12Z;21179;CNY;American Express 8437146360943076;American Express 5093867135550233;Перевод с карты на карту
Yuan Renminbi;5066038;CANCELED;2023-10-23T04:42:50Z;33373;CNY;American Express 3496806381597278;Visa 8206482923610786;Перевод с карты на карту
Peso;1103761;EXECUTED;2022-09-05T18:55:31Z;29638;MXN;;Счет 19915646485862087669;Открытие вклада
Yen;4157727;EXECUTED;2022-06-08T08:56:00Z;19642;JPY;Счет 76170734056444515565;Счет 16776970109008326532;Перевод со счета на счет
Rupiah;2170443;EXECUTED;2020-10-12T11:43:12Z;18929;IDR;Visa 4357435066781652;Mastercard 3980149543055441;Перевод с карты на карту
Yuan Renminbi;2768700;EXECUTED;2022-12-09T10:30:47Z;31541;CNY;American Express 3917140279307975;Счет 67480370130234579704;Перевод организации
Peso;2779676;EXECUTED;2022-12-14T01:20:02Z;31997;PHP;;Счет 36959393271857469011;Открытие вклада
Hryvnia;1636392;EXECUTED;2020-10-09T13:42:51Z;32675;UAH;Visa 5622320098751018;American Express 9646724948127424;Перевод с карты на карту
Dollar;1220204;PENDING;2022-02-11T01:31:51Z;11686;USD;Mastercard 4605227118045463;American Express 5253972174427993;Перевод с карты на карту
Rupiah;2612559;EXECUTED;2020-11-09T01:34:23Z;12505;IDR;Mastercard 2161735462269647;Discover 3710533858903808;Перевод с карты на карту
Yuan Renminbi;4220427;EXECUTED;2023-05-26T00:40:59Z;34477;CNY;;Счет 27967733688093193493;Открытие вклада
Yuan Renminbi;2180051;EXECUTED;2021-07-13T13:44:08Z;26229;CNY;American Express 4987984228872591;Visa 4571058139331541;Перевод с карты на карту
Euro;3265994;EXECUTED;2021-01-04T00:40:24Z;12175;EUR;Discover 5698303813934732;Mastercard 4993499245569158;Перевод с карты на карту
Dong;2874559;CANCELED;2023-04-04T01:40:32Z;26271;VND;Счет 87857417708290551554;Счет 75937590161240188351;Перевод со счета на счет
Yuan Renminbi;1752261;EXECUTED;2022-03-13T06:24:13Z;16105;CNY;Счет 57185666036563288369;Счет 24037153264218146997;Перевод со счета на счет
Rupiah;3293666;EXECUTED;2021-10-21T21:27:25Z;20226;IDR;American Express 6878155879211457;Счет 42275872782498273368;Перевод организации
Yuan Renminbi;4398234;CANCELED;2022-02-07T11:16:13Z;12401;CNY;Visa 8558887913089962;Mastercard 3909517031900117;Перевод с карты на карту
Real;5078913;EXECUTED;2020-05-15T20:21:44Z;26841;BRL;Счет 43559796431246044450;Счет 98354868807139994886;Перевод со счета на счет
Real;315118;EXECUTED;2022-01-24T22:14:18Z;18375;BRL;American Express 2480367472994462;Mastercard 4521076609337930;Перевод с карты на карту
Euro;1405514;EXECUTED;2022-07-16T15:00:03Z;27973;EUR;American Express 1620672545542386;Discover 3537623788743996;Перевод с карты на карту
Peso;4856011;EXECUTED;2023-09-03T13:48:39Z;13736;COP;American Express 4598676860466978;Visa 6432513452624085;Перевод с карты на карту
Baht;3080997;PENDING;2020-02-18T14:48:09Z;31240;THB;;Счет 49075406587701019462;Открытие вклада
Euro;2372913;EXECUTED;2021-12-23T05:49:35Z;29756;EUR;Mastercard 2962471103747210;Mastercard 8006836243194434;Перевод с карты на карту
Dollar;4288910;EXECUTED;2020-01-22T23:32:19Z;17427;USD;Discover 6357710409200211;Discover 7853440366492448;Перевод с карты на карту
Yuan Renminbi;3905902;EXECUTED;2023-10-19T04:49:15Z;14851;CNY;Mastercard 1389144549734760;Visa 0622153483708283;Перевод с карты на карту
Kuna;3802489;EXECUTED;2023-06-11T08:38:41Z;21486;HRK;Visa 7722613807556977;Discover 0419279908718259;Перевод с карты на карту
Peso;5241258;EXECUTED;2020-04-10T14:15:23Z;18901;PHP;Mastercard 7835867325654631;American Express 0263122731060414;Перевод с карты на карту
Dirham;932069;EXECUTED;2021-02-14T01:24:27Z;33842;MAD;Visa 6338892083719095;Discover 2097678340200439;Перевод с карты на карту
Won;4372369;EXECUTED;2022-01-09T13:00:35Z;27054;KRW;;Счет 99981146477220272211;Открытие вклада
Yuan Renminbi;3557278;EXECUTED;2022-10-29T11:04:18Z;27107;CNY;Mastercard 7066377810350699;Discover 8834717800191373;Перевод с карты на карту
Yuan Renminbi;1640248;CANCELED;2021-04-24T09:12:18Z;20096;CNY;Счет 77459660583522546848;Счет 52538532882036368465;Перевод со счета на счет
Rupiah;3466477;EXECUTED;2020-07-17T07:53:58Z;14751;IDR;;Счет 11263001250909315476;Открытие вклада
Zloty;2090119;CANCELED;2022-06-13T07:18:04Z;11923;PLN;American Express 7233096254302821;Visa 6641376791467180;Перевод с карты на карту
Krona;552769;PENDING;2020-01-02T01:26:47Z;26325;SEK;Discover 5367334867736788;Visa 3673180759636903;Перевод с карты на карту
Peso;4602358;EXECUTED;2023-01-05T05:12:20Z;11538;PHP;Visa 7979998533005962;American Express 6467723373556273;Перевод с карты на карту
Dinar;458944;CANCELED;2020-04-07T18:13:33Z;16648;IQD;American Express 5433716431161557;Счет 17804206516630702474;Перевод организации
Dinar;2343100;EXECUTED;2020-03-18T02:25:33Z;29859;RSD;American Express 0001582014663571;Счет 47130101453512537161;Перевод организации
Ruble;2195935;EXECUTED;2020-05-10T08:19:35Z;29722;RUB;Visa 7657178713716531;Mastercard 5442625865778510;Перевод с карты на карту
Yuan Renminbi;1186662;EXECUTED;2023-04-26T18:41:38Z;20851;CNY;;Счет 24959113964401211024;Открытие вклада
Quetzal;3323241;EXECUTED;2022-03-24T11:13:12Z;16344;GTQ;Счет 14840445076358976699;Счет 81787719736196028511;Перевод со счета на счет
Dollar;2086410;EXECUTED;2020-03-07T10:20:49Z;30407;USD;American Express 2430550940249883;Discover 4073868448421578;Перевод с карты на карту
Euro;1719740;EXECUTED;2022-11-01T02:35:33Z;14657;EUR;Discover 8059091120978858;Discover 3178468384166806;Перевод с карты на карту
Balboa;2528921;EXECUTED;2020-04-06T22:04:31Z;33699;PAB;Discover 7657609003064147;Visa 9077385031674512;Перевод с карты на карту
Koruna;1550748;EXECUTED;2020-12-20T10:14:22Z;19306;CZK;;Счет 49010837140620856640;Открытие вклада
Peso;1245114;CANCELED;2020-08-10T01:33:39Z;30746;PHP;American Express 7340522625561382;Discover 5823271504082258;Перевод с карты на карту
Euro;1791608;CANCELED;2021-09-08T21:54:50Z;15359;EUR;;Счет 71399560945195372702;Открытие вклада
Real;1704928;CANCELED;2020-04-05T09:29:38Z;11098;BRL;Счет 97691497364996298588;Счет 24094403658821176005;Перевод со счета на счет
Marka;5498000;EXECUTED;2021-05-27T01:12:30Z;17124;BAM;;Счет 40145527411284575160;Открытие вклада
Litas;3254346;EXECUTED;2022-05-10T15:06:31Z;13771;LTL;Discover 8020274399250564;Счет 02758420057800026510;Перевод организации
Yuan Renminbi;2922262;EXECUTED;2022-04-23T23:00:09Z;27433;CNY;Visa 5488728885763190;Счет 87170037147073147269;Перевод организации
Denar;4924156;EXECUTED;2023-08-06T11:33:32Z;33126;MKD;Discover 2339380742597632;Visa 2088677133569433;Перевод с карты на карту
Dong;3540021;CANCELED;2023-08-28T15:29:28Z;22006;VND;Mastercard 7487798860102050;Discover 4423630875275675;Перевод с карты на карту
Dollar;4652239;EXECUTED;2022-12-18T17:00:08Z;20189;USD;Discover 2032550149240407;Mastercard 2809850448261413;Перевод с карты на карту
Yen;3394763;PENDING;2023-07-10T09:48:18Z;31406;JPY;Discover 0769625831234066;Счет 89698444160396708996;Перевод организации
Shilling;979422;EXECUTED;2020-11-20T13:39:38Z;16251;TZS;Счет 46521228493651494017;Счет 09144849759359943547;Перевод со счета на счет
Dollar;3830511;CANCELED;2021-02-05T12:09:44Z;26412;USD;American Express 6641970848513913;Discover 8592554087973711;Перевод с карты на карту
Lempira;2758596;EXECUTED;2020-06-13T23:25:06Z;31924;HNL;Счет 68978928590306954950;Счет 27561169743799850218;Перевод со счета на счет
Baht;2322602;EXECUTED;2022-12-13T23:56:06Z;13162;THB;American Express 8315367292137553;Visa 5029386422397300;Перевод с карты на карту
Won;4053607;EXECUTED;2021-05-16T22:32:10Z;30161;KRW;Discover 3921787690085936;Visa 6327765659778676;Перевод с карты на карту
Ruble;4653425;EXECUTED;2020-03-10T07:48:21Z;22131;RUB;;Счет 58936710508356884628;Открытие вклада
Lev;54964;EXECUTED;2021-12-10T18:57:40Z;22004;BGN;Mastercard 8319949688821984;Счет 75343891571160401295;Перевод организации
Dollar;671684;PENDING;2022-06-13T02:46:42Z;27114;BSD;Discover 9737807541197254;Discover 0342605798844488;Перевод с карты на карту
Ruble;1530853;EXECUTED;2023-03-25T02:49:04Z;16225;RUB;Visa 3723527446109611;American Express 4201111974501655;Перевод с карты на карту
Shilling;4046342;EXECUTED;2021-05-30T21:24:58Z;30809;KES;;Счет 31757737111676188174;Открытие вклада
Franc;4868743;EXECUTED;2023-06-02T17:38:49Z;25466;XAF;Discover 2291933346309832;Discover 0007270646235480;Перевод с карты на карту
Yen;3801652;EXECUTED;2020-10-26T06:44:26Z;18631;JPY;Discover 3352302313813914;Discover 6039705280196064;Перевод с карты на карту
Krona;1266540;CANCELED;2021-01-16T07:04:37Z;23425;SEK;Discover 7609280748367597;Mastercard 3235903132271088;Перевод с карты на карту
Real;3564308;EXECUTED;2021-06-16T05:57:59Z;25597;BRL;Discover 1882531866695504;Счет 24530348457345266291;Перевод организации
Dong;4174847;PENDING;2020-11-03T14:32:33Z;15196;VND;Mastercard 2491943868249693;Discover 7077798977965820;Перевод с карты на карту
Real;1358991;EXECUTED;2022-11-13T17:23:42Z;14452;BRL;Discover 1890046118897112;Visa 9110921278168459;Перевод с карты на карту
Yuan Renminbi;3684712;PENDING;2022-08-11T10:02:03Z;13555;CNY;American Express 3187719566240886;American Express 4694809375452950;Перевод с карты на карту
Euro;2775790;EXECUTED;2023-07-13T20:41:51Z;23631;EUR;Mastercard 3370350683899060;American Express 2476281211960798;Перевод с карты на карту
Franc;483191;CANCELED;2020-03-18T22:00:33Z;28335;CDF;Visa 7846435045835047;Visa 1765434509166157;Перевод с карты на карту
Sol;1590257;EXECUTED;2020-08-23T16:50:02Z;18125;PEN;Discover 5020024016629777;Счет 42664874246663137228;Перевод организации
Rupiah;4321278;EXECUTED;2020-02-17T07:54:35Z;22591;IDR;Mastercard 5905157222782716;American Express 7089979630546906;Перевод с карты на карту
Peso;669986;EXECUTED;2021-02-09T12:29:24Z;31203;ARS;Discover 6609487226994255;Visa 6305863757362411;Перевод с карты на карту
Yuan Renminbi;3814820;EXECUTED;2023-08-28T09:59:42Z;28013;CNY;Mastercard 4234000441650576;Discover 3933903042666138;Перевод с карты на карту
Yuan Renminbi;5512660;EXECUTED;2023-07-17T00:37:52Z;21630;CNY;;Счет 48304319882799433995;Открытие вклада
Kuna;4764613;EXECUTED;2023-06-02T00:44:00Z;16959;HRK;American Express 5113924719239020;Visa 0627655376765476;Перевод с карты на карту
Peso;2684913;EXECUTED;2020-02-21T04:16:52Z;11082;PHP;Discover 0098601984618494;Счет 51471076874228770489;Перевод организации
Peso;3289667;EXECUTED;2022-04-23T04:33:55Z;26455;ARS;Счет 19086873684048615734;Счет 27514188033181070743;Перевод со счета на счет
Hryvnia;1392577;EXECUTED;2020-07-18T06:22:59Z;22984;UAH;Visa 1382079771511686;Visa 7451706409749862;Перевод с карты на карту
Pound;4151319;CANCELED;2022-09-29T23:26:19Z;18632;SYP;Mastercard 7126748663400920;Discover 3711265561152876;Перевод с карты на карту
Rupiah;70456;EXECUTED;2022-11-02T06:16:26Z;33555;IDR;Mastercard 3492322065367002;Discover 1726772400544696;Перевод с карты на карту
Marka;5078313;EXECUTED;2022-07-19T15:50:06Z;17340;BAM;Счет 34485318400658005662;Счет 98941396862837805086;Перевод со счета на счет
Yen;4748095;EXECUTED;2021-09-19T10:25:05Z;16564;JPY;Mastercard 1124084936973048;Discover 9601299687986348;Перевод с карты на карту
Rupiah;836624;EXECUTED;2021-09-14T13:57:40Z;29137;IDR;Visa 3930407493134701;Mastercard 1078610629376324;Перевод с карты на карту
Yuan Renminbi;1879427;EXECUTED;2021-05-15T10:38:25Z;27278;CNY;American Express 4414746205922787;Счет 63197597432207846649;Перевод организации
Rupiah;506069;EXECUTED;2022-05-17T08:15:20Z;24700;IDR;American Express 9096782518164587;Visa 1510222054531082;Перевод с карты на карту
Kuna;3944280;EXECUTED;2021-01-16T20:08:51Z;19585;HRK;American Express 3762157291217241;Mastercard 5012118975998108;Перевод с карты на карту
Shilling;4864986;EXECUTED;2021-12-31T05:42:43Z;23443;TZS;;Счет 69168538284565863078;Открытие вклада
Yuan Renminbi;2176860;EXECUTED;2022-06-20T21:17:01Z;20308;CNY;Discover 0153927190818970;Mastercard 3624186902340150;Перевод с карты на карту
Rupiah;3724901;PENDING;2021-05-29T19:53:57Z;33410;IDR;American Express 0208810830776920;Mastercard 4495966967290894;Перевод с карты на карту
Lek;756717;EXECUTED;2021-04-13T16:52:20Z;24061;ALL;Mastercard 3767462721428983;Счет 08305981361546630534;Перевод организации
Lev;1864822;EXECUTED;2020-04-06T17:36:04Z;28676;BGN;Счет 34646320890722856821;Счет 53152097374271262585;Перевод со счета на счет
Peso;5305401;CANCELED;2023-11-09T22:09:50Z;31501;PHP;American Express 7446594163242457;Discover 7331634528411583;Перевод с карты на карту
Hryvnia;1999804;PENDING;2023-10-28T11:17:31Z;34455;UAH;Счет 42109207415591580635;Счет 74058089109726743250;Перевод со счета на счет
Pound;1976993;PENDING;2021-10-07T19:24:50Z;14950;SYP;Discover 5138829471442482;Счет 86520143612658802382;Перевод организации
Peso;5078149;EXECUTED;2022-05-09T20:41:50Z;32935;PHP;;Счет 56639415357930291265;Открытие вклада
Rupiah;1560456;PENDING;2023-07-08T15:38:24Z;15726;IDR;Visa 1576854615043358;Счет 55484214540765770320;Перевод организации
Koruna;5187596;EXECUTED;2022-02-09T14:09:00Z;15941;CZK;;Счет 12348164317760825854;Открытие вклада
Dollar;3772972;EXECUTED;2023-07-27T10:14:40Z;25809;USD;Mastercard 5018751098068184;Visa 6550293072484553;Перевод с карты на карту
Euro;2432689;PENDING;2021-12-19T08:05:30Z;16687;EUR;Discover 0100855364826755;Mastercard 8643424644765562;Перевод с карты на карту
Rand;374970;EXECUTED;2020-05-08T17:17:51Z;23400;ZAR;Mastercard 7297990636339749;American Express 7101173837675508;Перевод с карты на карту
Afghani;2839833;EXECUTED;2023-11-01T16:59:52Z;25313;AFN;;Счет 75220545547476402232;Открытие вклада
Euro;3932791;EXECUTED;2022-08-14T18:19:26Z;28438;EUR;Discover 0675643743637187;Visa 1094826144213808;Перевод с карты на карту
Lempira;1369031;EXECUTED;2021-11-05T11:22:52Z;11971;HNL;Mastercard 0495792289230446;American Express 3960832448348636;Перевод с карты на карту
Guarani;2862584;EXECUTED;2021-11-29T01:43:14Z;17068;PYG;Visa 3813289859097058;Mastercard 4267575457981725;Перевод с карты на карту
Yuan Renminbi;3047634;EXECUTED;2023-02-25T08:27:20Z;21887;CNY;American Express 0074225408080622;Visa 5066716502253229;Перевод с карты на карту
Ruble;3012438;EXECUTED;2023-01-26T05:06:25Z;26980;RUB;Счет 36880956803774247605;Счет 57967135740972430525;Перевод со счета на счет
Franc;4767419;EXECUTED;2022-03-04T17:59:49Z;25683;XAF;Visa 0379556768345777;Visa 2895957092845320;Перевод с карты на карту
Shekel;1304395;CANCELED;2021-12-07T16:18:09Z;14108;ILS;Discover 8060113854430501;Discover 7716879082030837;Перевод с карты на карту
Real;4570784;EXECUTED;2022-02-02T04:29:39Z;21190;BRL;Mastercard 9198635438803943;Счет 82473643728029067853;Перевод организации
Hryvnia;5173837;EXECUTED;2023-11-09T22:04:32Z;19218;UAH;Mastercard 5531288811018979;Visa 9383581161824476;Перевод с карты на карту
Ruble;4718690;CANCELED;2021-10-22T18:06:24Z;24397;RUB;Mastercard 8555423564337493;Счет 80979410926211688985;Перевод организации
Zloty;4315096;PENDING;2021-03-27T19:19:30Z;16271;PLN;American Express 3568441571958482;Discover 0688707149480292;Перевод с карты на карту
Yuan Renminbi;4008850;EXECUTED;2021-02-26T22:49:18Z;23001;CNY;American Express 4297724510495525;Счет 41005225250644065645;Перевод организации
Dong;2805255;EXECUTED;2020-01-14T16:52:27Z;12623;VND;Discover 8074052428133610;American Express 2577371208766671;Перевод с карты на карту
Peso;3932469;PENDING;2022-03-01T18:45:14Z;21678;PHP;Discover 0803276764821082;Mastercard 6602596422358257;Перевод с карты на карту
Dollar;1043686;EXECUTED;2022-09-13T21:09:19Z;32398;CAD;Счет 92323558391795977896;Счет 30682052304282918366;Перевод со счета на счет
Euro;3550511;EXECUTED;2021-12-11T00:52:20Z;12866;EUR;Mastercard 3118513975040836;American Express 2906021141638143;Перевод с карты на карту
Euro;1385646;EXECUTED;2023-11-10T18:58:45Z;17606;EUR;Discover 0310552629910428;Счет 87963820705203993337;Перевод организации
Ruble;2854238;EXECUTED;2023-10-12T03:15:11Z;29511;RUB;Mastercard 4205969069978141;Mastercard 3182665825206884;Перевод с карты на карту
Quetzal;5170766;PENDING;2023-01-11T18:41:24Z;15534;GTQ;Счет 91269211633331489581;Счет 83962090923263746792;Перевод со счета на счет
Sol;4143329;EXECUTED;2021-07-04T17:00:10Z;26436;PEN;American Express 1516179981319127;Mastercard 0476818505690334;Перевод с карты на карту
Peso;3081948;PENDING;2021-11-03T09:21:53Z;26241;PHP;Visa 6774409271534698;Discover 6125995337388389;Перевод с карты на карту
Rupiah;4933903;EXECUTED;2020-07-16T10:53:11Z;32238;IDR;Visa 2304167599561872;Mastercard 2630656105261057;Перевод с карты на карту
Peso;4428128;EXECUTED;2021-03-27T23:28:09Z;11898;PHP;Mastercard 2309235898189955;Visa 6621177152855719;Перевод с карты на карту
Hryvnia;4590147;EXECUTED;2023-08-12T00:29:31Z;27327;UAH;Visa 9921286627392860;Visa 1638532192503636;Перевод с карты на карту
Rupiah;3458538;PENDING;2021-10-27T20:21:31Z;25247;IDR;Mastercard 8198255172011752;American Express 1521610110014693;Перевод с карты на карту
Yuan Renminbi;2637005;EXECUTED;2021-11-10T09:50:47Z;11971;CNY;Mastercard 7398188819783930;Discover 5615216845903306;Перевод с карты на карту
Real;1879125;EXECUTED;2023-11-08T11:16:31Z;31266;BRL;American Express 4392059672324031;Discover 7053778259751195;Перевод с карты на карту
Real;2251501;EXECUTED;2020-07-05T09:40:20Z;17679;BRL;Discover 4854290775875607;Discover 5139710612970462;Перевод с карты на карту
Yuan Renminbi;2558035;EXECUTED;2022-09-05T15:14:02Z;17703;CNY;Visa 7771802392180969;American Express 1797326786997840;Перевод с карты на карту
Dollar;3015411;EXECUTED;2022-03-25T14:48:30Z;31859;CAD;Visa 9922608840029736;American Express 7149135085823406;Перевод с карты на карту
Krona;1496827;EXECUTED;2022-09-04T23:18:29Z;28268;SEK;;Счет 67069229529099910524;Открытие вклада
Rupiah;5184881;PENDING;2023-09-06T02:10:41Z;26661;IDR;Visa 9854254255741256;Visa 1574192240031041;Перевод с карты на карту
Peso;2327667;PENDING;2022-07-16T17:14:58Z;31550;CLP;American Express 3307640951904332;American Express 8561768757933328;Перевод с карты на карту
Real;1054769;EXECUTED;2021-03-01T01:56:47Z;31298;BRL;American Express 9322946788284465;American Express 9881458517180855;Перевод с карты на карту
Guilder;1595672;PENDING;2021-01-15T06:40:12Z;27346;ANG;Discover 3800548259118301;American Express 3857603686856041;Перевод с карты на карту
Lempira;1149285;CANCELED;2022-08-13T06:09:45Z;22891;HNL;Mastercard 6863661277530050;American Express 6806549258082272;Перевод с карты на карту
Zloty;4654270;EXECUTED;2023-02-14T03:56:11Z;30968;PLN;American Express 0985385689115843;Visa 6907763525045608;Перевод с карты на карту
Ruble;4009886;EXECUTED;2023-05-13T04:33:00Z;23989;RUB;Discover 2343953148883158;American Express 8400869379923599;Перевод с карты на карту
Peso;2252169;EXECUTED;2022-09-30T11:29:58Z;34278;MXN;Mastercard 5279224218052082;Mastercard 4399445262213049;Перевод с карты на карту
Zloty;1451197;CANCELED;2023-06-04T04:13:07Z;29345;PLN;Mastercard 4882021010503477;Mastercard 3258902853247368;Перевод с карты на карту
Yuan Renminbi;2547690;EXECUTED;2021-08-29T05:58:13Z;21372;CNY;;Счет 39551012170319187728;Открытие вклада
Yuan Renminbi;2457942;EXECUTED;2022-03-03T07:32:42Z;21970;CNY;Discover 2499488181521450;Discover 1037761387604290;Перевод с карты на карту
Euro;1321390;EXECUTED;2021-02-12T00:51:29Z;17709;EUR;American Express 7881172959791546;Mastercard 5019040548825219;Перевод с карты на карту
Peso;969698;EXECUTED;2023-09-29T21:10:48Z;11840;PHP;Счет 59147118619334244470;Счет 14100791686790533168;Перевод со счета на счет
Rupiah;877022;CANCELED;2022-09-19T04:22:51Z;11971;IDR;Mastercard 1228714756992719;Mastercard 9452585402243280;Перевод с карты на карту
Euro;4826718;EXECUTED;2020-04-14T00:19:57Z;30026;EUR;Visa 4630612597630704;Visa 6818450753253615;Перевод с карты на карту
Yuan Renminbi;4586245;EXECUTED;2020-10-29T16:43:51Z;14914;CNY;;Счет 23187523659105681389;Открытие вклада
Rupiah;2109443;CANCELED;2022-11-13T20:26:06Z;29688;IDR;Счет 59941445019656363135;Счет 33453284811588022131;Перевод со счета на счет
Franc;2365809;EXECUTED;2022-02-01T07:27:01Z;15887;XAF;Счет 04748888515604079440;Счет 67241253006143723265;Перевод со счета на счет
Won;4794989;EXECUTED;2021-05-11T07:28:37Z;25589;KRW;Discover 9887325684982252;Mastercard 6412295013834306;Перевод с карты на карту
Ringgit;2424681;EXECUTED;2023-05-19T02:14:16Z;17353;MYR;Mastercard 1488665923728770;American Express 3485277285828200;Перевод с карты на карту
Yuan Renminbi;3185000;EXECUTED;2021-06-20T17:25:11Z;31263;CNY;Счет 32635274860281843583;Счет 14611186784186481152;Перевод со счета на счет
Dollar;2080210;EXECUTED;2020-12-19T15:12:51Z;28523;USD;Mastercard 8366179393889509;Счет 88812270621892659718;Перевод организации
Yuan Renminbi;162873;EXECUTED;2023-03-30T16:43:54Z;14709;CNY;Счет 31648274780141181569;Счет 93102297531573621104;Перевод со счета на счет
Dollar;4492444;PENDING;2022-09-13T02:41:12Z;13086;CAD;Счет 07318089075038053901;Счет 05172516288862953128;Перевод со счета на счет
Euro;3235160;EXECUTED;2023-11-12T16:17:52Z;34316;EUR;Visa 2336865385909932;American Express 2266395591845773;Перевод с карты на карту
Real;590436;PENDING;2023-01-28T06:40:03Z;25193;BRL;;Счет 46780854004272996593;Открытие вклада
Yuan Renminbi;5416009;PENDING;2022-07-21T17:50:55Z;14827;CNY;American Express 3294381045631862;Счет 82941857947209957540;Перевод организации
Zloty;3058290;CANCELED;2020-11-11T00:06:22Z;14232;PLN;Visa 0634306315452109;Mastercard 7024887578428233;Перевод с карты на карту
Euro;3386429;PENDING;2021-05-08T08:39:11Z;16216;EUR;Discover 1256970763079173;Счет 57605402872278121538;Перевод организации
Rupiah;364018;EXECUTED;2023-07-04T16:26:34Z;13804;IDR;American Express 7886864383967258;Mastercard 5920323235185030;Перевод с карты на карту
Euro;2041539;EXECUTED;2022-04-29T01:55:37Z;31951;EUR;;Счет 72868454156877686884;Открытие вклада
Denar;3540946;EXECUTED;2021-05-20T03:49:08Z;11733;MKD;American Express 9746020817019212;Visa 0578437639984448;Перевод с карты на карту
Dollar;3331905;EXECUTED;2020-10-22T14:17:27Z;17167;USD;Discover 0226382673519674;Discover 1525217963783050;Перевод с карты на карту
Peso;3564699;EXECUTED;2020-04-19T11:41:01Z;14362;PHP;American Express 9665287109333133;Mastercard 5223545570992499;Перевод с карты на карту
Yuan Renminbi;1112694;EXECUTED;2021-12-01T18:11:10Z;21117;CNY;Discover 1599022743747275;Mastercard 5182947609132672;Перевод с карты на карту
Dollar;3134084;EXECUTED;2021-01-26T05:43:40Z;23707;USD;;Счет 16569338976775830538;Открытие вклада
Baht;2151382;PENDING;2023-04-07T01:40:25Z;19607;THB;Discover 1869571162526318;American Express 8377763578542307;Перевод с карты на карту
Balboa;583112;CANCELED;2022-02-28T22:33:08Z;21864;PAB;Visa 2234749593271790;Mastercard 3648715803628305;Перевод с карты на карту
Naira;3636529;PENDING;2021-04-23T18:41:42Z;17449;NGN;American Express 2245008812200631;American Express 5496713030087267;Перевод с карты на карту
Franc;17126;EXECUTED;2022-11-12T17:47:54Z;26543;CDF;;Счет 42478155724717035370;Открытие вклада
Kwacha;4320729;EXECUTED;2022-11-01T14:04:03Z;26126;ZMW;;Счет 21275617784123124644;Открытие вклада
Euro;4666;EXECUTED;2023-03-06T23:50:08Z;11203;EUR;Visa 1652855301686703;American Express 5757768220243185;Перевод с карты на карту
Rand;3062500;CANCELED;2022-01-22T20:45:56Z;21093;ZAR;American Express 2639419266720990;American Express 9054781433424718;Перевод с карты на карту
Ruble;1991230;EXECUTED;2022-12-20T01:52:57Z;21833;RUB;Visa 1399159034596740;Счет 71814990641193663905;Перевод организации
Rupiah;4014996;EXECUTED;2020-10-27T16:34:45Z;34528;IDR;;Счет 35038781528516583975;Открытие вклада
Krone;2199087;CANCELED;2020-09-27T12:34:12Z;21214;NOK;Visa 6324876432719972;Mastercard 4130802033098119;Перевод с карты на карту
Yuan Renminbi;5285498;EXECUTED;2022-11-06T02:13:29Z;32322;CNY;;Счет 87065941225503202381;Открытие вклада
Peso;4668685;PENDING;2022-03-24T08:45:02Z;34310;COP;Mastercard 4272685591982566;Discover 1114381807822930;Перевод с карты на карту
Zloty;2525713;CANCELED;2021-09-10T15:52:49Z;18677;PLN;American Express 3816739936582797;American Express 0067658710679473;Перевод с карты на карту
Krona;3076867;CANCELED;2023-05-12T08:47:08Z;31830;SEK;Счет 07870539284432828696;Счет 70784813908721529315;Перевод со счета на счет
Krone;3114967;EXECUTED;2022-09-10T01:49:47Z;11083;NOK;Счет 34712489424275118876;Счет 05599883228277898883;Перевод со счета на счет
Shilling;4337682;EXECUTED;2021-04-02T20:22:47Z;11803;SOS;Mastercard 5016062755649398;Visa 1404092721978771;Перевод с карты на карту
Som;1681932;PENDING;2020-12-27T11:14:34Z;11863;UZS;Discover 4249648000496538;Discover 4478419247437211;Перевод с карты на карту
Yuan Renminbi;1274896;PENDING;2022-10-16T11:17:09Z;19839;CNY;Discover 5514977218468856;Mastercard 6902754210775301;Перевод с карты на карту
Rupee;1930079;CANCELED;2022-04-19T02:15:39Z;11811;LKR;Visa 9932514182602714;American Express 1157290623344936;Перевод с карты на карту
Peso;347998;CANCELED;2020-09-12T10:58:02Z;15585;PHP;;Счет 30823703122882504669;Открытие вклада
Euro;1452491;EXECUTED;2022-03-27T11:53:52Z;32789;EUR;Mastercard 5557395937749544;Счет 62397886500462400188;Перевод организации
Real;4614547;EXECUTED;2023-05-11T06:00:39Z;21339;BRL;Mastercard 6176770670082757;Visa 1015120399644603;Перевод с карты на карту
Dollar;899511;EXECUTED;2021-07-18T06:39:19Z;18842;FJD;American Express 2401909125199644;Счет 31102793829726102153;Перевод организации
Krona;4749814;EXECUTED;2023-07-13T04:37:08Z;19880;SEK;American Express 5542484684623458;Счет 47832792325202993765;Перевод организации
Yuan Renminbi;3326542;EXECUTED;2021-08-28T16:24:14Z;23130;CNY;;Счет 26996085587487878043;Открытие вклада
Euro;1947153;EXECUTED;2021-05-07T16:08:23Z;13503;EUR;Visa 4020352278420777;Счет 75267060112830018849;Перевод организации
Zloty;3976858;CANCELED;2022-12-01T09:13:51Z;33936;PLN;Mastercard 1826032938701919;American Express 9674724996762203;Перевод с карты на карту
Peso;313667;CANCELED;2020-06-16T19:46:52Z;32040;ARS;Discover 0921271209796740;Visa 2073848303713665;Перевод с карты на карту
Rupiah;846157;PENDING;2020-03-09T03:07:39Z;31775;IDR;Mastercard 8838784203105980;Visa 9604746164148154;Перевод с карты на карту
Franc;3029706;EXECUTED;2022-07-27T04:20:46Z;25500;XAF;Discover 2441135266318641;Visa 6722922109274353;Перевод с карты на карту
Yuan Renminbi;1899441;EXECUTED;2021-02-26T18:36:50Z;23241;CNY;Mastercard 0949022212091721;Visa 0086201719616936;Перевод с карты на карту
Sol;4276749;EXECUTED;2022-03-15T18:02:47Z;16765;PEN;;Счет 87586346400311452572;Открытие вклада
Euro;850106;EXECUTED;2021-11-30T10:36:51Z;26004;EUR;Счет 31894333152151941586;Счет 48965091529066345901;Перевод со счета на счет
Rupiah;4305764;EXECUTED;2021-09-14T14:44:13Z;21675;IDR;Счет 69388966278829407690;Счет 57417036991112475022;Перевод со счета на счет
Dinar;3738026;EXECUTED;2022-03-02T23:55:41Z;22254;IQD;Mastercard 7221824117126461;Discover 8071018796016714;Перевод с карты на карту
Tenge;5397136;EXECUTED;2022-07-21T16:19:03Z;19596;KZT;;Счет 25569934725385601792;Открытие вклада
Tugrik;1172691;EXECUTED;2023-04-21T00:30:27Z;16680;MNT;Discover 7371486584407692;Visa 1912850809746682;Перевод с карты на карту
Rial;3816954;EXECUTED;2023-07-12T07:17:14Z;15113;IRR;Mastercard 0779390643901438;Discover 4668783828424410;Перевод с карты на карту
Bolivar;1115479;EXECUTED;2022-11-03T06:23:49Z;28549;VEF;Visa 2234673351461808;Discover 8286223268046522;Перевод с карты на карту
Yuan Renminbi;3608868;EXECUTED;2021-06-05T11:59:34Z;18752;CNY;;Счет 73120542396767708836;Открытие вклада
Rupiah;2074365;EXECUTED;2023-04-07T09:09:48Z;22783;IDR;Счет 83958852406794860056;Счет 50403808755195424067;Перевод со счета на счет
Peso;4344770;EXECUTED;2023-07-24T06:21:28Z;24497;ARS;;Счет 04632312571739747234;Открытие вклада
Zloty;4142709;CANCELED;2023-11-04T16:13:58Z;26298;PLN;American Express 7164787681212152;Discover 5946968533326136;Перевод с карты на карту
Yuan Renminbi;4830470;EXECUTED;2022-01-02T16:10:43Z;18194;CNY;Mastercard 2661608337289511;Счет 36507467159444354473;Перевод организации
Yuan Renminbi;801626;EXECUTED;2020-08-16T02:54:59Z;14038;CNY;Счет 78411542692374392745;Счет 76706659970984524363;Перевод со счета на счет
Rupiah;3701103;PENDING;2020-08-26T03:30:45Z;27435;IDR;Mastercard 9762476852200502;Visa 1032017250021833;Перевод с карты на карту
Ruble;1986491;PENDING;2021-03-26T02:43:49Z;27106;BYR;;Счет 49835166076184371589;Открытие вклада
Rupiah;3777090;CANCELED;2022-09-19T20:38:14Z;28646;IDR;;Счет 24254868847634678369;Открытие вклада
Euro;1076444;EXECUTED;2020-03-03T09:19:50Z;23856;EUR;Visa 9392876073616476;Mastercard 0195931751322283;Перевод с карты на карту
Real;2882437;CANCELED;2022-01-20T00:38:57Z;15311;BRL;American Express 0865667001254798;Счет 56406067403495010703;Перевод организации
Shekel;16395;EXECUTED;2020-03-23T12:43:03Z;32941;ILS;;Счет 70854356068740301099;Открытие вклада
Yuan Renminbi;4060243;EXECUTED;2023-01-26T15:15:48Z;32488;CNY;American Express 9141122460759501;Счет 01387538487945252949;Перевод организации
Ruble;2424241;EXECUTED;2023-02-08T11:58:12Z;17867;RUB;Visa 1563074999448104;Visa 6133882980108564;Перевод с карты на карту
Koruna;4580223;EXECUTED;2021-09-21T01:18:35Z;16613;CZK;Mastercard 7651776096059755;Discover 1722974656780715;Перевод с карты на карту
Bolivar;5128712;EXECUTED;2020-09-14T22:50:27Z;14947;VEF;American Express 5474663476048245;Visa 8221561170222993;Перевод с карты на карту
Rupiah;5229572;PENDING;2022-12-17T16:11:08Z;18347;IDR;Mastercard 7491706274351135;Discover 7569170634837533;Перевод с карты на карту
Yuan Renminbi;2812198;PENDING;2020-06-02T03:22:54Z;31822;CNY;Discover 0632158083785792;American Express 0532003528871708;Перевод с карты на карту
Manat;3682775;EXECUTED;2020-01-01T05:03:33Z;12764;AZN;American Express 2957863070974974;American Express 6990780344978331;Перевод с карты на карту
Dollar;5459996;EXECUTED;2021-07-04T17:43:12Z;11973;USD;;Счет 90251122400794049634;Открытие вклада
Guarani;2564561;EXECUTED;2021-07-31T23:55:33Z;27035;PYG;American Express 1927325026702568;Discover 8802495454923266;Перевод с карты на карту
Dollar;2084085;EXECUTED;2020-05-01T04:34:24Z;20020;USD;Discover 7301255668002546;Счет 70554407066800817533;Перевод организации
Peso;1187701;EXECUTED;2020-07-05T11:38:23Z;18807;PHP;;Счет 55596961601037529924;Открытие вклада
Euro;1288080;EXECUTED;2022-07-02T01:17:30Z;14434;EUR;American Express 5118336433831524;Mastercard 3649217452225661;Перевод с карты на карту
Rupee;607117;EXECUTED;2021-12-28T23:16:52Z;20745;PKR;Discover 8287133728989196;Mastercard 9809571107102793;Перевод с карты на карту
Yuan Renminbi;3895726;EXECUTED;2022-01-25T01:38:27Z;34202;CNY;Visa 0951447257238560;Discover 7070235889508113;Перевод с карты на карту
Rupiah;115625;PENDING;2023-02-12T22:23:02Z;17130;IDR;Mastercard 0149845709452157;Счет 77767569336476668437;Перевод организации
Baht;1369925;EXECUTED;2021-01-02T03:01:35Z;24961;THB;;Счет 84965289194937738806;Открытие вклада
Euro;1991514;EXECUTED;2020-01-27T04:12:56Z;21762;EUR;Счет 09809186102982283517;Счет 97244687605159972750;Перевод со счета на счет
Pound;238940;EXECUTED;2020-08-31T14:49:50Z;23585;LBP;American Express 1650629536641392;Visa 8796353859293845;Перевод с карты на карту
Tala;5000258;EXECUTED;2021-03-21T17:24:23Z;18062;WST;American Express 5594284442642265;Discover 1874214387485929;Перевод с карты на карту
Rupiah;90523;PENDING;2020-09-10T15:31:05Z;32773;IDR;Discover 2856040699058042;Visa 6194726895133398;Перевод с карты на карту
Koruna;138181;EXECUTED;2020-03-14T06:16:19Z;20935;CZK;Mastercard 4532063215315387;Счет 02892491554751008131;Перевод организации
Rupiah;2234563;CANCELED;2020-07-08T20:25:07Z;34169;IDR;Discover 3703595948323940;American Express 5760801854747761;Перевод с карты на карту
Peso;1646281;CANCELED;2020-06-15T16:01:50Z;15597;MXN;Счет 42117531447577070532;Счет 26244566198048197751;Перевод со счета на счет
Real;2203210;EXECUTED;2023-05-24T09:38:21Z;29403;BRL;Счет 15101968716610264498;Счет 02503174541700223407;Перевод со счета на счет
Yuan Renminbi;362354;CANCELED;2020-02-19T21:52:51Z;17975;CNY;Visa 5583164439876025;Счет 03065081289312518155;Перевод организации
Tugrik;1320086;EXECUTED;2021-05-01T11:33:24Z;19325;MNT;Mastercard 9318083135355892;Mastercard 3064564425698585;Перевод с карты на карту
Ruble;4809278;CANCELED;2020-08-31T00:52:19Z;14438;RUB;;Счет 75647434231761535859;Открытие вклада
Franc;1428564;PENDING;2023-02-15T17:39:03Z;14411;XAF;Visa 6741609188063628;Discover 0163518015691189;Перевод с карты на карту
Quetzal;150810;EXECUTED;2021-09-19T22:30:03Z;17883;GTQ;Discover 7422542825195073;Discover 8192855706140222;Перевод с карты на карту
Yuan Renminbi;2129219;PENDING;2023-08-05T18:50:52Z;29187;CNY;Visa 1543704869759627;Mastercard 7023874989167897;Перевод с карты на карту
Euro;4889361;EXECUTED;2023-01-02T06:33:42Z;31796;EUR;;Счет 69818902028881848522;Открытие вклада
Euro;2467093;EXECUTED;2020-02-07T13:19:46Z;30188;EUR;Mastercard 1403201560489918;American Express 0122814815907249;Перевод с карты на карту
Lev;1492062;EXECUTED;2021-03-18T01:14:00Z;13396;BGN;Mastercard 0320583899846520;Discover 7912469478018187;Перевод с карты на карту
Dollar;5236832;EXECUTED;2021-08-15T01:30:26Z;22020;USD;Счет 77238422057991844194;Счет 03874272077186529593;Перевод со счета на счет
Yuan Renminbi;431836;EXECUTED;2021-08-11T01:08:26Z;31185;CNY;Mastercard 7813757072710417;Visa 3056959335435379;Перевод с карты на карту
Zloty;3673457;EXECUTED;2020-04-08T01:17:37Z;22938;PLN;;Счет 88915838552142189604;Открытие вклада
Koruna;2820553;EXECUTED;2020-02-26T00:09:46Z;22892;CZK;American Express 8025488368550082;Discover 7955892722142061;Перевод с карты на карту
Yuan Renminbi;1087321;CANCELED;2021-04-01T13:25:12Z;31665;CNY;Счет 85505792950274074980;Счет 20625919928182068030;Перевод со счета на счет
Ruble;307426;CANCELED;2023-08-17T22:30:01Z;13875;RUB;American Express 1495416283887670;Mastercard 5120967507423143;Перевод с карты на карту
Yuan Renminbi;1559251;EXECUTED;2023-01-04T17:25:45Z;15143;CNY;Discover 3114290257354570;Visa 1605498690358180;Перевод с карты на карту
Real;5059314;EXECUTED;2022-01-26T14:38:56Z;27070;BRL;Discover 7975889442236337;Счет 46311443861037441020;Перевод организации
Rupee;1409572;EXECUTED;2023-06-23T11:29:13Z;19585;PKR;Mastercard 7907519102184670;Visa 8591751470306305;Перевод с карты на карту
Yen;2575424;EXECUTED;2021-02-18T06:32:12Z;29845;JPY;Discover 7814444345336236;Visa 6064346919363782;Перевод с карты на карту
Yuan Renminbi;619185;EXECUTED;2022-06-16T01:38:12Z;29991;CNY;American Express 0550078504318437;American Express 1833184728223095;Перевод с карты на карту
Ruble;4478667;EXECUTED;2022-01-24T18:37:10Z;21372;BYR;Visa 7051457459988808;Discover 2501497574445818;Перевод с карты на карту
Koruna;5074110;CANCELED;2020-05-20T15:02:37Z;29020;CZK;American Express 9399768066615898;Visa 4195004679996720;Перевод с карты на карту
Yuan Renminbi;601829;PENDING;2023-09-22T05:05:42Z;31130;CNY;Discover 0930552143364376;American Express 5163534531737636;Перевод с карты на карту
Quetzal;565371;CANCELED;2022-03-23T13:07:18Z;12762;GTQ;Mastercard 2976190703960377;Mastercard 8518120706185143;Перевод с карты на карту
Yuan Renminbi;330792;EXECUTED;2020-12-08T20:13:38Z;32420;CNY;Discover 1735258541103974;Visa 1863773882769382;Перевод с карты на карту
Ruble;3509294;EXECUTED;2021-04-03T15:01:44Z;27792;BYR;;Счет 07897087098869202535;Открытие вклада
Euro;1050509;EXECUTED;2020-07-22T07:41:40Z;22402;EUR;;Счет 25578184373685264328;Открытие вклада
Euro;1494919;EXECUTED;2023-04-17T13:59:43Z;16166;EUR;Discover 1375089413702188;Discover 4035139949715830;Перевод с карты на карту
Peso;4336409;EXECUTED;2022-01-13T07:58:29Z;24599;PHP;Mastercard 9047861778003535;Discover 6288244463354818;Перевод с карты на карту
Dinar;4255800;CANCELED;2022-08-19T19:10:19Z;29169;RSD;Счет 52268170672624658174;Счет 23003631557868241657;Перевод со счета на счет
Euro;4266692;PENDING;2022-10-27T14:51:32Z;11180;EUR;Mastercard 4407294553976321;Счет 35208387182106672186;Перевод организации
Rupiah;1965898;EXECUTED;2020-06-14T11:06:12Z;28586;IDR;Discover 9300246106782997;Visa 7746456286862564;Перевод с карты на карту
Hryvnia;2474098;CANCELED;2021-03-29T20:29:29Z;20952;UAH;Discover 4755668440632535;American Express 2601476649031287;Перевод с карты на карту
Euro;814363;PENDING;2020-01-29T07:06:41Z;29906;EUR;American Express 0248447631215432;American Express 3856315470030794;Перевод с карты на карту
Dollar;3074774;EXECUTED;2020-10-21T20:07:06Z;17088;USD;American Express 2497513552832457;Счет 92571273209380303025;Перевод организации
Peso;3838918;CANCELED;2022-04-20T05:31:29Z;28351;COP;American Express 6428501447176146;American Express 4139900485120047;Перевод с карты на карту
Rupee;4196171;EXECUTED;2020-05-21T10:51:31Z;15137;PKR;;Счет 43500726495211021797;Открытие вклада
Yuan Renminbi;1340718;EXECUTED;2020-06-24T02:13:23Z;33464;CNY;Discover 9061487867676971;American Express 9287020497295725;Перевод с карты на карту
Peso;3561016;EXECUTED;2023-07-28T00:15:07Z;31577;ARS;Visa 6604901333453273;Счет 95344283198802811005;Перевод организации
Leu;3167437;PENDING;2022-05-01T02:30:46Z;25367;MDL;Discover 6290853444919537;American Express 3907611664671296;Перевод с карты на карту
Peso;1424715;EXECUTED;2023-01-14T20:49:50Z;13851;PHP;Mastercard 8846870943798520;American Express 7124948715934401;Перевод с карты на карту
Euro;2741426;EXECUTED;2021-06-25T05:46:42Z;20848;EUR;Visa 0928754152447555;American Express 7859387308732251;Перевод с карты на карту
Rupee;4697323;EXECUTED;2023-02-04T01:36:48Z;28177;LKR;;Счет 54638328431363284901;Открытие вклада
Yuan Renminbi;2574144;EXECUTED;2021-10-22T08:21:32Z;29469;CNY;Visa 4182314025573942;Visa 0314171426556302;Перевод с карты на карту
Peso;256802;EXECUTED;2021-07-26T11:37:02Z;14005;PHP;Счет 41872172053209429751;Счет 60961117326649084348;Перевод со счета на счет
Rand;2258909;PENDING;2023-06-05T00:33:41Z;27030;ZAR;Счет 95883985429884067440;Счет 98017798502227556609;Перевод со счета на счет
Rupee;1905267;CANCELED;2021-12-09T15:56:48Z;17142;LKR;Discover 9334718667210447;American Express 6044766534199689;Перевод с карты на карту
Hryvnia;2449358;PENDING;2023-03-21T15:22:20Z;28671;UAH;Счет 09503816595143782708;Счет 88842829646860865403;Перевод со счета на счет
Shilling;4848905;CANCELED;2022-06-12T17:58:14Z;18896;KES;Счет 08713233349137452417;Счет 85182363309273240473;Перевод со счета на счет
Rupee;3898457;EXECUTED;2023-05-05T21:32:39Z;12263;LKR;American Express 7708414735409406;Discover 5916736794483595;Перевод с карты на карту
Rupiah;5202660;EXECUTED;2020-02-19T16:38:36Z;14039;IDR;Discover 4802760303984247;American Express 6703072481261620;Перевод с карты на карту
Peso;3908902;EXECUTED;2021-01-26T07:34:08Z;28598;PHP;Discover 8056231335821077;American Express 9921565845398134;Перевод с карты на карту
Rupiah;512319;EXECUTED;2021-08-25T20:39:45Z;28711;IDR;;Счет 27240124973730908931;Открытие вклада
Yuan Renminbi;2303658;EXECUTED;2020-12-28T09:07:31Z;17757;CNY;American Express 4240969466873537;Discover 8281820606169707;Перевод с карты на карту
Peso;1463688;PENDING;2021-12-08T14:12:06Z;18989;PHP;American Express 7431983574131577;Счет 08858102338416536409;Перевод организации
Euro;2024662;EXECUTED;2020-07-09T01:54:08Z;26507;EUR;American Express 8506303667034018;Discover 4328162425582001;Перевод с карты на карту
Yuan Renminbi;4537540;EXECUTED;2020-01-30T16:47:17Z;32157;CNY;Discover 5677749065781466;Discover 7714928532024469;Перевод с карты на карту
Sol;257014;CANCELED;2021-03-02T07:02:25Z;16323;PEN;Счет 28765584888735592689;Счет 25520870428933621032;Перевод со счета на счет
Real;2440761;EXECUTED;2020-02-07T02:57:37Z;13889;BRL;Visa 8458961196608130;Visa 4931369879399209;Перевод с карты на карту
Dollar;605794;CANCELED;2023-04-15T18:28:09Z;20127;JMD;Discover 0011383679627595;Mastercard 5528267222821371;Перевод с карты на карту
Ruble;5466732;EXECUTED;2022-08-12T00:55:39Z;26278;RUB;Mastercard 0560253835243874;Счет 44603300489524463522;Перевод организации
Baht;5423189;EXECUTED;2021-12-05T09:21:56Z;13959;THB;Visa 3956060514936768;Mastercard 3740396404833943;Перевод с карты на карту
Kip;2720233;EXECUTED;2022-02-01T03:46:37Z;27395;LAK;Discover 5925462451147812;American Express 5379231383620019;Перевод с карты на карту
Peso;2276933;EXECUTED;2021-11-03T16:51:03Z;14364;PHP;;Счет 78173693100433607832;Открытие вклада
Yuan Renminbi;3277274;CANCELED;2020-05-23T16:04:15Z;13240;CNY;Счет 30139263925380582666;Счет 51553376760838962649;Перевод со счета на счет
Ruble;1083434;EXECUTED;2023-08-28T08:03:34Z;27895;RUB;Счет 01411847038697732472;Счет 67457374082601064845;Перевод со счета на счет
Rupiah;2926627;EXECUTED;2021-12-30T08:18:07Z;29548;IDR;Mastercard 4913627837898951;American Express 0154962229031758;Перевод с карты на карту
Ruble;1652868;CANCELED;2020-11-12T21:50:44Z;31742;RUB;;Счет 44859048793086957451;Открытие вклада
Yuan Renminbi;1191321;EXECUTED;2020-11-09T22:35:44Z;17866;CNY;Visa 5920439951165792;Visa 5130770931187437;Перевод с карты на карту
Yen;290578;EXECUTED;2022-09-06T22:28:49Z;20989;JPY;Счет 67525846180338404655;Счет 72348438311942897825;Перевод со счета на счет
Sol;3716235;EXECUTED;2020-04-05T20:13:23Z;17014;PEN;Discover 4907907564924284;Счет 72148599637015053504;Перевод организации
Sol;2776423;EXECUTED;2021-09-07T11:03:01Z;25950;PEN;;Счет 21094610706059339466;Открытие вклада
Real;3821850;PENDING;2023-08-10T16:09:29Z;23816;BRL;;Счет 82229490370109855587;Открытие вклада
Hryvnia;1432920;EXECUTED;2020-08-26T10:08:21Z;25394;UAH;Discover 2357184831887496;Discover 5381626603958491;Перевод с карты на карту
Rupiah;3661532;EXECUTED;2022-06-22T12:12:01Z;28790;IDR;;Счет 19169214016747118289;Открытие вклада
Kwacha;1786943;PENDING;2022-10-07T02:51:25Z;29551;ZMW;Discover 1321143733747621;American Express 8378555854465389;Перевод с карты на карту
Peso;4176056;EXECUTED;2020-07-13T10:28:32Z;33877;COP;;Счет 94688066950276088143;Открытие вклада
Real;2467622;PENDING;2023-07-31T16:18:52Z;15845;BRL;American Express 3407907218075851;Discover 3920809225480647;Перевод с карты на карту
Naira;4111681;EXECUTED;2022-04-20T07:42:36Z;30878;NGN;Mastercard 7711393366407144;American Express 9408056789021910;Перевод с карты на карту
Dollar;2745451;EXECUTED;2021-07-08T22:48:29Z;29052;AUD;Discover 7920307563081485;Visa 8732100327830432;Перевод с карты на карту
Euro;1099855;EXECUTED;2022-02-22T03:41:42Z;28578;EUR;American Express 6032817654066512;American Express 8822340666949848;Перевод с карты на карту
Yuan Renminbi;1752228;CANCELED;2020-02-17T03:03:18Z;24211;CNY;American Express 5974809447701015;Discover 9699461784742993;Перевод с карты на карту
Yuan Renminbi;4687153;CANCELED;2022-02-18T05:35:26Z;33948;CNY;Mastercard 8482559152617933;American Express 7494220557248997;Перевод с карты на карту
Dollar;1504864;CANCELED;2020-09-08T00:06:07Z;34422;USD;Visa 0365556460113750;Visa 6448466160576433;Перевод с карты на карту
Krona;3770452;EXECUTED;2023-07-22T16:18:18Z;21152;SEK;Mastercard 3140597335288890;American Express 9908404163185145;Перевод с карты на карту
Zloty;3623842;EXECUTED;2020-05-09T08:26:06Z;30421;PLN;Discover 6991179184050426;Discover 6952854414561367;Перевод с карты на карту
Yuan Renminbi;2164624;EXECUTED;2020-12-05T22:39:27Z;21067;CNY;;Счет 78810765517490389015;Открытие вклада
Tenge;3643769;EXECUTED;2022-08-12T23:49:32Z;32077;KZT;Mastercard 7461376970924145;Mastercard 7372925247389798;Перевод с карты на карту
Krona;1674195;EXECUTED;2021-03-26T05:20:39Z;31823;SEK;;Счет 78838348029047716124;Открытие вклада
Peso;2908319;EXECUTED;2023-05-20T05:03:33Z;31731;PHP;Visa 4788542644524886;Mastercard 7274431953773214;Перевод с карты на карту
Euro;3118997;CANCELED;2023-09-30T03:46:57Z;34220;EUR;American Express 5115006075379817;American Express 8265418616062151;Перевод с карты на карту
Rupee;1022994;CANCELED;2021-08-17T05:15:41Z;11331;PKR;Mastercard 3113944903387149;American Express 1186138814057388;Перевод с карты на карту
Tugrik;4457487;CANCELED;2020-01-15T19:07:36Z;23280;MNT;American Express 4954038323651056;Mastercard 2676113964503996;Перевод с карты на карту
Yuan Renminbi;3145937;EXECUTED;2023-04-25T19:00:38Z;19592;CNY;Visa 8449851710423260;American Express 5256429211851168;Перевод с карты на карту
Euro;1399149;EXECUTED;2022-12-09T04:42:49Z;19005;EUR;American Express 2535946137344890;American Express 7878469131055650;Перевод с карты на карту
Zloty;659449;EXECUTED;2022-07-21T08:27:12Z;29628;PLN;American Express 0033661815914770;Discover 2875623142945723;Перевод с карты на карту
Rupiah;2222794;CANCELED;2022-11-24T07:31:04Z;23733;IDR;Visa 4111248292368676;American Express 0998782038537824;Перевод с карты на карту
Euro;4121246;EXECUTED;2022-07-01T21:12:38Z;29932;EUR;;Счет 13006664890816299437;Открытие вклада
Ruble;3205257;PENDING;2022-04-11T00:30:44Z;11280;RUB;Mastercard 5612504218607911;Счет 96692813169753520384;Перевод организации
Rupiah;1628992;EXECUTED;2020-10-08T15:44:36Z;16556;IDR;American Express 7663041223111384;Счет 25283916312850549543;Перевод организации
Real;107193;EXECUTED;2023-10-08T17:11:11Z;29971;BRL;American Express 5488183740840861;Счет 13958170691777711390;Перевод организации
Hryvnia;1262968;EXECUTED;2020-03-17T04:51:14Z;14676;UAH;;Счет 01445438824868374536;Открытие вклада
Ruble;2455265;EXECUTED;2021-09-06T03:06:29Z;33345;RUB;Visa 7986449445672194;Visa 8862361645542151;Перевод с карты на карту
Yuan Renminbi;4703640;EXECUTED;2020-07-10T17:47:46Z;20082;CNY;American Express 2340389520146363;American Express 5488197986784002;Перевод с карты на карту
Krona;674820;EXECUTED;2020-07-16T19:00:47Z;17607;SEK;Mastercard 5632475793405268;Discover 2198402259378148;Перевод с карты на карту
Euro;749001;EXECUTED;2021-04-03T18:53:52Z;18446;EUR;American Express 9043379349291742;Visa 6734468399621149;Перевод с карты на карту
Yuan Renminbi;3448190;EXECUTED;2023-07-30T23:20:10Z;26937;CNY;Счет 23591683554880539140;Счет 30047902660658713898;Перевод со счета на счет
Ngultrum;1846509;CANCELED;2021-09-22T19:39:50Z;16025;BTN;Счет 87650212093435978042;Счет 88986313155107149387;Перевод со счета на счет
Rupiah;2351574;EXECUTED;2022-06-18T02:52:00Z;26252;IDR;Visa 5877948267549795;Счет 45991169582465000675;Перевод организации
Yuan Renminbi;4124955;EXECUTED;2020-01-01T14:34:00Z;34119;CNY;Visa 4485542637612146;Счет 28542261928514137912;Перевод организации
Yuan Renminbi;5080347;EXECUTED;2023-01-28T07:44:09Z;21741;CNY;Discover 3148657422735848;Visa 3531923246621737;Перевод с карты на карту
Rupiah;2750091;EXECUTED;2021-03-15T09:04:23Z;23953;IDR;Mastercard 9726214609905094;American Express 9117693244477013;Перевод с карты на карту
Som;1029909;EXECUTED;2020-07-12T10:21:11Z;29357;KGS;American Express 5060769722075972;Mastercard 7442868037870578;Перевод с карты на карту
Yuan Renminbi;4713899;EXECUTED;2022-10-29T04:47:55Z;24299;CNY;Discover 0096291091971012;Mastercard 3918422798407710;Перевод с карты на карту
Real;3437337;EXECUTED;2023-08-08T07:05:32Z;27239;BRL;Счет 85028039809000745596;Счет 93735448522750215910;Перевод со счета на счет
Boliviano;3271227;CANCELED;2022-10-15T19:35:15Z;23300;BOB;American Express 2353494297843177;Visa 0169427636631773;Перевод с карты на карту
Rupiah;3714136;EXECUTED;2022-09-22T21:04:05Z;34030;IDR;Visa 8509767497118281;Счет 89916599527931321142;Перевод организации
Krona;4932037;EXECUTED;2020-12-26T20:41:46Z;27132;SEK;American Express 1135209661512054;Discover 2148086910358730;Перевод с карты на карту
Ruble;911993;EXECUTED;2023-06-17T05:36:39Z;16143;RUB;Mastercard 8924432019137202;Visa 5653663363322651;Перевод с карты на карту
Dinar;996301;EXECUTED;2023-10-24T00:22:54Z;32838;RSD;Discover 3595983819978041;Mastercard 5094433509234071;Перевод с карты на карту
Franc;1856452;EXECUTED;2023-10-21T17:16:40Z;16052;XPF;Счет 58447978502952220637;Счет 26794278440973612624;Перевод со счета на счет
Baht;166528;CANCELED;2022-07-26T01:19:02Z;25831;THB;Mastercard 9100642498698976;Visa 7680023012279029;Перевод с карты на карту
Sol;875279;EXECUTED;2021-03-31T07:05:45Z;17762;PEN;Счет 08024275394165963392;Счет 65395379664129945943;Перевод со счета на счет
Peso;1305319;EXECUTED;2022-05-28T20:39:49Z;11859;PHP;;Счет 05488215386456215797;Открытие вклада
Rupiah;1179192;EXECUTED;2023-02-01T18:24:24Z;31165;IDR;Mastercard 6237235080196532;American Express 6848159166422711;Перевод с карты на карту
Euro;4873060;EXECUTED;2020-03-10T04:09:05Z;22891;EUR;;Счет 58896721019562517875;Открытие вклада
Krona;3764947;EXECUTED;2021-12-06T10:06:16Z;22001;SEK;American Express 2138751179037873;American Express 6594218260651579;Перевод с карты на карту
Franc;2470330;EXECUTED;2022-06-09T09:00:48Z;24205;XAF;Discover 0518993866456535;Счет 13244999565837460512;Перевод организации
Guarani;5168612;EXECUTED;2021-08-16T03:23:02Z;22601;PYG;Mastercard 7872172539319387;Mastercard 4428080658459127;Перевод с карты на карту
Naira;5446511;EXECUTED;2020-08-01T20:30:10Z;15001;NGN;;Счет 63420103832984795746;Открытие вклада
Krone;772513;EXECUTED;2023-05-10T00:15:51Z;23927;DKK;American Express 0625422581162252;Mastercard 2219835468859604;Перевод с карты на карту
Rupiah;1377941;EXECUTED;2022-07-17T15:49:56Z;14903;IDR;Счет 21697008883806421486;Счет 83571650364414725396;Перевод со счета на счет
Zloty;2284533;EXECUTED;2021-05-05T16:23:18Z;16099;PLN;American Express 3498679127429767;Discover 9390497828979370;Перевод с карты на карту
Hryvnia;3248813;EXECUTED;2021-08-25T15:50:45Z;13537;UAH;Счет 27052021457353708294;Счет 67281910035650059630;Перевод со счета на счет
Peso;5384680;EXECUTED;2020-11-02T22:58:37Z;28338;DOP;;Счет 40931594816690552449;Открытие вклада
Forint;1932532;PENDING;2020-02-19T00:17:13Z;25246;HUF;Discover 6177546839517597;American Express 9695664158183113;Перевод с карты на карту
Yuan Renminbi;1181278;EXECUTED;2022-02-17T16:36:03Z;33799;CNY;Mastercard 5399424228705413;Счет 64311387869505113259;Перевод организации
Rial;4618366;EXECUTED;2021-10-02T16:37:15Z;32895;IRR;Discover 9504054397816679;Visa 9356101162600747;Перевод с карты на карту
Yuan Renminbi;504065;EXECUTED;2020-12-08T01:53:06Z;20830;CNY;Visa 4474260412059585;American Express 3885743543560168;Перевод с карты на карту
Rupiah;4218442;EXECUTED;2023-10-26T15:58:59Z;19081;IDR;Mastercard 8423820873202994;Mastercard 1914190112400738;Перевод с карты на карту
Yuan Renminbi;5304048;EXECUTED;2023-03-30T22:12:55Z;27613;CNY;Discover 2999253587342870;Visa 1469410786163922;Перевод с карты на карту
Rupiah;1571220;CANCELED;2020-12-19T08:13:31Z;27648;IDR;;Счет 54298144459538363930;Открытие вклада
Koruna;1051611;EXECUTED;2021-12-30T20:54:47Z;27149;CZK;American Express 6070644558943271;Mastercard 9756372097692865;Перевод с карты на карту
Real;3769002;EXECUTED;2022-02-03T18:38:48Z;32241;BRL;Visa 9667993299168123;Mastercard 5120020478330603;Перевод с карты на карту
Yuan Renminbi;2383571;EXECUTED;2020-07-16T17:07:31Z;34060;CNY;Mastercard 1203448840223648;Visa 0756904087653616;Перевод с карты на карту
Zloty;1730337;EXECUTED;2023-10-17T18:03:30Z;12141;PLN;Discover 6351372085649953;Visa 1946544706956275;Перевод с карты на карту
Dollar;3236978;EXECUTED;2023-02-07T04:25:44Z;12642;USD;Mastercard 4156625376917975;American Express 6573309743396617;Перевод с карты на карту
Rupiah;1224883;EXECUTED;2021-06-22T00:31:15Z;14279;IDR;Discover 9952069969958241;American Express 1173862827245527;Перевод с карты на карту
Peso;1286821;CANCELED;2020-06-30T16:04:28Z;25749;PHP;Mastercard 1063924150626199;Visa 5760277128032153;Перевод с карты на карту
Rupiah;3675721;EXECUTED;2021-05-19T20:27:13Z;16054;IDR;Visa 6235501917288326;Счет 89547657468475189009;Перевод организации
Yuan Renminbi;2567615;EXECUTED;2020-12-21T12:55:29Z;32703;CNY;American Express 2045844890062629;Discover 6588043547078504;Перевод с карты на карту
Franc;4541322;PENDING;2022-05-05T05:55:12Z;11483;XOF;American Express 0478677534311566;American Express 8772778718443997;Перевод с карты на карту
Dollar;4288653;CANCELED;2021-02-22T11:16:51Z;30172;NZD;;Счет 43468697731814786967;Открытие вклада
Rupiah;2619900;EXECUTED;2021-07-04T23:29:14Z;27703;IDR;Visa 0356802789974656;Mastercard 3976095505394275;Перевод с карты на карту
Euro;3854837;EXECUTED;2023-08-11T04:42:10Z;29981;EUR;Счет 55984099228760844878;Счет 41457533849518487584;Перевод со счета на счет
Marka;1273972;CANCELED;2023-04-12T06:16:15Z;11923;BAM;;Счет 14031498096999995049;Открытие вклада
Dollar;4538792;EXECUTED;2023-01-01T14:34:59Z;11989;USD;Discover 6932648322353834;Счет 77425389734083474514;Перевод организации
Real;1997723;EXECUTED;2022-06-21T22:29:17Z;16734;BRL;;Счет 33299963341948709773;Открытие вклада
Euro;4027471;CANCELED;2022-08-29T06:29:06Z;19617;EUR;Счет 59307939129536648186;Счет 55406698601918402207;Перевод со счета на счет
Pound;4858178;EXECUTED;2020-02-12T03:25:39Z;20073;SYP;American Express 0223778933712169;Discover 5209382187746158;Перевод с карты на карту
Zloty;3055091;EXECUTED;2023-11-10T23:50:55Z;23211;PLN;Счет 15909625020513310297;Счет 90621941572206379881;Перевод со счета на счет
Pound;3400976;PENDING;2022-01-16T09:25:32Z;16702;SYP;Visa 2627051318570658;Счет 67891866687752369595;Перевод организации
Peso;5002040;EXECUTED;2023-05-25T04:04:37Z;31844;COP;;Счет 17555448236677058929;Открытие вклада
Yuan Renminbi;2996671;EXECUTED;2021-07-25T20:17:11Z;28824;CNY;Mastercard 5377606506013088;American Express 1457052507904561;Перевод с карты на карту
Rupiah;2163791;EXECUTED;2021-04-19T12:32:07Z;24592;IDR;;Счет 86222168525634481537;Открытие вклада
Ruble;1935024;CANCELED;2020-11-18T12:07:03Z;13249;RUB;;Счет 83739717055666813179;Открытие вклада
Peso;4103060;EXECUTED;2022-10-24T13:26:25Z;31087;COP;Discover 4565290587903628;Mastercard 9260315872501991;Перевод с карты на карту
Rupee;5399438;EXECUTED;2022-03-31T09:41:08Z;34338;PKR;Visa 4821882306133740;Mastercard 6942075424528091;Перевод с карты на карту
Krona;5020397;EXECUTED;2021-11-06T18:31:29Z;27707;SEK;Discover 1046863469179874;Счет 36165269896235627644;Перевод организации
Marka;5124740;CANCELED;2022-07-03T01:35:47Z;19746;BAM;Mastercard 6712999153186424;Discover 5083561353090583;Перевод с карты на карту
Ruble;1586405;EXECUTED;2023-05-09T10:50:48Z;15292;RUB;American Express 0134021618597734;Mastercard 7974416741612242;Перевод с карты на карту
Tenge;3453500;EXECUTED;2021-05-11T02:50:34Z;15388;KZT;;Счет 84684912494920655853;Открытие вклада
Peso;2593726;EXECUTED;2023-08-07T03:55:40Z;34025;COP;Mastercard 9275313668213601;Mastercard 3090524291371832;Перевод с карты на карту
Rupiah;191088;EXECUTED;2022-06-02T01:47:49Z;25702;IDR;Mastercard 9409503569328386;Счет 98703613298766777339;Перевод организации
Yuan Renminbi;2199519;EXECUTED;2022-09-14T15:28:04Z;32534;CNY;American Express 0414666710921146;Mastercard 3853086038119527;Перевод с карты на карту
Ruble;4565275;PENDING;2021-06-20T11:03:11Z;19321;RUB;American Express 2932525563014117;American Express 3633642385468444;Перевод с карты на карту
Won;157454;EXECUTED;2020-08-01T07:40:25Z;11438;KRW;Discover 1588407825007798;Mastercard 6632952863435990;Перевод с карты на карту
Rupiah;2798360;EXECUTED;2021-03-25T04:01:23Z;32031;IDR;Discover 5612254360754748;Visa 1317582732394625;Перевод с карты на карту
Lilangeni;4157049;EXECUTED;2020-07-29T18:31:14Z;24063;SZL;;Счет 70589878076178549776;Открытие вклада
Ruble;555920;EXECUTED;2021-06-26T04:51:42Z;12545;RUB;Visa 3057946398768198;Discover 4035896941119221;Перевод с карты на карту
Koruna;3739781;EXECUTED;2020-06-05T12:08:54Z;23246;CZK;Mastercard 4271235395255566;Mastercard 3219769351520172;Перевод с карты на карту
Rupiah;3736710;EXECUTED;2023-05-23T04:46:52Z;17104;IDR;Visa 2060013831002936;American Express 2412436557628783;Перевод с карты на карту
Euro;2983096;EXECUTED;2021-06-18T10:30:51Z;30289;EUR;Visa 6597902609956000;Visa 8974439109285284;Перевод с карты на карту
Peso;2697434;PENDING;2023-10-22T10:07:01Z;19405;COP;Discover 3984228285377185;Discover 2678102579384092;Перевод с карты на карту
Ringgit;2455963;PENDING;2023-03-25T10:26:16Z;31704;MYR;;Счет 47700019920719928388;Открытие вклада
Rupiah;5137934;EXECUTED;2021-07-24T01:00:37Z;31099;IDR;Discover 6495178920688774;American Express 9774868468480475;Перевод с карты на карту
Peso;3485218;EXECUTED;2023-07-22T19:50:29Z;32774;PHP;Счет 64658787371627747390;Счет 37096035029627948093;Перевод со счета на счет
Euro;4070869;EXECUTED;2021-05-04T22:54:03Z;24596;EUR;;Счет 95140833230422650601;Открытие вклада
Krona;2070921;CANCELED;2023-10-19T02:42:15Z;28133;SEK;;Счет 06525085790588549858;Открытие вклада
Yuan Renminbi;1254142;EXECUTED;2022-09-10T03:24:29Z;28384;CNY;American Express 9326271891365612;Discover 3269564174855583;Перевод с карты на карту
Yuan Renminbi;3727150;EXECUTED;2023-01-08T11:28:47Z;11139;CNY;Mastercard 5240099061487764;Mastercard 3848046184120274;Перевод с карты на карту
Yuan Renminbi;4470164;EXECUTED;2021-11-08T11:00:04Z;17699;CNY;;Счет 64198079649472917511;Открытие вклада
Dinar;2835186;PENDING;2023-02-26T16:30:57Z;32137;JOD;;Счет 08293202872152338638;Открытие вклада
Euro;5511600;EXECUTED;2023-08-28T17:50:04Z;13130;EUR;;Счет 43181614818263208169;Открытие вклада
Sol;3509357;PENDING;2022-04-04T02:05:37Z;25427;PEN;Visa 0317106056412201;Счет 31080002409662710330;Перевод организации
Hryvnia;3518448;CANCELED;2022-11-06T10:46:31Z;17402;UAH;Visa 6271585475109331;Счет 55846244707955638844;Перевод организации
Rupiah;1021284;CANCELED;2023-05-17T02:39:12Z;23756;IDR;Discover 4599661574379776;American Express 7353161877889313;Перевод с карты на карту
Yuan Renminbi;5457678;PENDING;2023-11-04T10:39:34Z;22951;CNY;Mastercard 6219443780959412;Visa 4786131684105875;Перевод с карты на карту
Peso;1373452;EXECUTED;2020-08-23T06:22:45Z;12847;PHP;Discover 6635152172940594;Discover 9569916610621728;Перевод с карты на карту
Peso;4298452;EXECUTED;2020-03-27T07:22:17Z;15266;UYU;;Счет 68725866340025332086;Открытие вклада
Euro;4123122;CANCELED;2020-02-23T06:36:26Z;33012;EUR;Mastercard 5363473645331311;Visa 3490003914890754;Перевод с карты на карту
Zloty;2719628;EXECUTED;2021-12-21T15:25:37Z;31954;PLN;Mastercard 5193358753885830;Mastercard 7302750790788584;Перевод с карты на карту
Rupiah;4460244;EXECUTED;2022-02-21T06:05:45Z;25199;IDR;Visa 0061918726756701;American Express 3177342755155017;Перевод с карты на карту
Peso;3372229;EXECUTED;2021-01-03T23:07:24Z;14137;COP;American Express 3390707262314704;American Express 1305329829123467;Перевод с карты на карту
Ruble;1312600;EXECUTED;2021-03-25T15:41:59Z;34455;RUB;Счет 00001929651993491151;Счет 94107008805088717279;Перевод со счета на счет
Yuan Renminbi;4576175;EXECUTED;2020-03-27T16:31:58Z;29171;CNY;Счет 74840859274840281573;Счет 47911694202571832246;Перевод со счета на счет
Rupiah;3043707;EXECUTED;2020-11-09T15:36:11Z;16625;IDR;Visa 6637261333891454;Discover 4292130247771781;Перевод с карты на карту
Euro;2267444;EXECUTED;2022-07-26T02:51:10Z;30971;EUR;Visa 8795333379584907;Счет 76145988629288763144;Перевод организации
Yuan Renminbi;3188844;PENDING;2023-08-15T20:26:30Z;23993;CNY;Visa 7320406476027149;American Express 4821240054296686;Перевод с карты на карту
Euro;3048608;PENDING;2021-01-03T02:42:22Z;25207;EUR;Mastercard 5983030475609063;Discover 8166276555625267;Перевод с карты на карту
Riels;1093916;EXECUTED;2022-10-10T21:19:24Z;17664;KHR;Discover 5361839565230951;Счет 44168961306050363869;Перевод организации
Hryvnia;2294923;CANCELED;2020-04-08T14:51:13Z;30448;UAH;Discover 0730129853252069;American Express 3461262878973053;Перевод с карты на карту
Peso;997361;CANCELED;2020-08-22T21:17:03Z;27752;PHP;American Express 4595212209870820;Visa 7264226983172806;Перевод с карты на карту
Baht;2787710;EXECUTED;2022-03-08T07:22:45Z;11597;THB;Discover 5106983860285939;Visa 5153439291860847;Перевод с карты на карту
Cordoba;2665871;EXECUTED;2022-08-01T02:41:19Z;20135;NIO;Discover 8957723291997888;Visa 4305158540435182;Перевод с карты на карту
Peso;5330251;CANCELED;2021-09-20T10:24:43Z;20701;PHP;Discover 5273751501758165;American Express 2284180040095073;Перевод с карты на карту
Naira;4588015;EXECUTED;2022-11-15T23:30:28Z;29093;NGN;American Express 2875452817867129;Visa 5169584679033511;Перевод с карты на карту
Naira;2202983;EXECUTED;2021-11-07T05:22:08Z;17538;NGN;American Express 7169059370498442;Discover 6069801910851254;Перевод с карты на карту
Ruble;811203;EXECUTED;2021-09-15T11:34:48Z;32900;RUB;Счет 36602273830151626580;Счет 61127622361324528517;Перевод со счета на счет
Peso;568343;EXECUTED;2020-07-19T14:42:41Z;20616;PHP;;Счет 02914801946368158028;Открытие вклада
Sol;3259364;EXECUTED;2020-04-11T18:56:32Z;31335;PEN;Mastercard 2001721592311290;Visa 5104038047223375;Перевод с карты на карту
Rupiah;5492335;EXECUTED;2023-10-21T03:35:35Z;11439;IDR;Discover 6517890908088307;Visa 0324739091554441;Перевод с карты на карту
Peso;1152741;EXECUTED;2020-11-15T00:30:57Z;23841;PHP;Visa 4567606975852904;Mastercard 2917554003925380;Перевод с карты на карту
Euro;1106876;EXECUTED;2021-04-13T19:38:43Z;18690;EUR;Visa 1865476597491580;Discover 3479815792367178;Перевод с карты на карту
Ruble;4656334;EXECUTED;2023-01-08T04:23:54Z;34114;RUB;American Express 9171903868456946;Visa 1486898442392527;Перевод с карты на карту
Tugrik;827880;EXECUTED;2020-02-07T14:39:27Z;26028;MNT;Discover 8082673818264648;Visa 2449474890433042;Перевод с карты на карту
Rupiah;3515850;EXECUTED;2020-02-16T05:47:30Z;29449;IDR;American Express 4213523742251219;Discover 0244102748626301;Перевод с карты на карту
Peso;4997858;EXECUTED;2020-06-11T15:45:46Z;20586;ARS;Discover 1987537613978132;Mastercard 6313704597767537;Перевод с карты на карту
Yuan Renminbi;3492522;CANCELED;2023-02-10T09:12:36Z;14771;CNY;Visa 2993364166579733;Счет 29330609189568305731;Перевод организации
Tenge;3781590;EXECUTED;2020-01-23T05:45:56Z;17858;KZT;Mastercard 3836758113151669;Счет 89302837841455236681;Перевод организации
Rupiah;1647998;CANCELED;2023-05-04T09:24:52Z;23796;IDR;Discover 5407111129282451;Discover 7098939442130536;Перевод с карты на карту
Peso;3530846;EXECUTED;2021-09-16T02:22:53Z;13262;MXN;Счет 47555847642023385809;Счет 08403631732537712678;Перевод со счета на счет
Euro;956284;EXECUTED;2023-02-02T16:49:15Z;24250;EUR;Mastercard 7570473960788770;American Express 5635275859719784;Перевод с карты на карту
Pound;3555810;EXECUTED;2022-08-15T03:48:25Z;24443;SYP;Mastercard 4995322162917629;American Express 5240678647418047;Перевод с карты на карту
Rupee;2062513;EXECUTED;2022-09-12T14:41:02Z;34069;PKR;American Express 2143475959898443;Mastercard 5056783083926251;Перевод с карты на карту
Krona;3695010;EXECUTED;2022-09-15T10:19:13Z;11831;SEK;Discover 7646069658081655;Visa 1393213010654971;Перевод с карты на карту
Euro;3686819;EXECUTED;2021-05-20T19:50:28Z;29194;EUR;;Счет 24577138032387901805;Открытие вклада
Krona;5381558;EXECUTED;2023-10-30T01:17:52Z;22360;SEK;;Счет 35148431342567273318;Открытие вклада
Forint;3353312;EXECUTED;2023-08-01T02:06:07Z;23137;HUF;Mastercard 9680914117431220;Visa 8588521323444487;Перевод с карты на карту
Rupiah;5270713;PENDING;2020-06-14T06:58:35Z;23590;IDR;Visa 8441054475956337;Mastercard 4804370722599393;Перевод с карты на карту
Yuan Renminbi;1143203;CANCELED;2022-01-07T22:06:00Z;22199;CNY;Visa 5578779325820514;Discover 3522751347718982;Перевод с карты на карту
Yen;3597087;CANCELED;2022-05-25T11:12:36Z;21241;JPY;;Счет 16811279952072591692;Открытие вклада
Kyat;3959516;EXECUTED;2021-07-23T11:10:31Z;32957;MMK;Visa 5733341709493542;Discover 8983699053402560;Перевод с карты на карту
Ruble;5239569;PENDING;2022-06-09T14:18:02Z;30387;RUB;Visa 4756824367415661;Discover 6499545298816238;Перевод с карты на карту
Yuan Renminbi;3271170;CANCELED;2020-05-29T06:41:40Z;29545;CNY;Счет 74044602370773264572;Счет 60644203718727006373;Перевод со счета на счет
Won;920581;EXECUTED;2020-07-02T17:49:43Z;24893;KRW;American Express 3094803276986027;Mastercard 8245635502146013;Перевод с карты на карту
Euro;3763483;EXECUTED;2020-12-11T02:48:35Z;18722;EUR;;Счет 71589420953628482813;Открытие вклада
Euro;4869563;EXECUTED;2020-06-17T10:49:02Z;33353;EUR;Discover 8231528174069563;Discover 8034459676068617;Перевод с карты на карту
Sol;5194790;PENDING;2020-08-10T14:54:51Z;11264;PEN;Mastercard 3575538110484580;Mastercard 7236929077686727;Перевод с карты на карту
Hryvnia;4533957;EXECUTED;2021-06-30T19:01:14Z;17400;UAH;Счет 83933920805031795751;Счет 41664852186364772024;Перевод со счета на счет
Yuan Renminbi;2010014;EXECUTED;2023-10-26T13:37:06Z;16961;CNY;Discover 4202321905872940;Discover 1787252225424833;Перевод с карты на карту
Dollar;2390595;PENDING;2020-07-31T14:07:44Z;14258;USD;Discover 5848979174601577;Счет 24586136214737269364;Перевод организации
Peso;1799212;CANCELED;2022-03-31T16:56:03Z;16700;PHP;American Express 6934384253911983;Счет 76645352731688569196;Перевод организации
Rupiah;4938794;CANCELED;2022-09-28T05:37:51Z;28824;IDR;Discover 6088471456108724;Счет 29823949923172611198;Перевод организации
Krona;3762625;EXECUTED;2021-01-10T13:28:58Z;30258;SEK;Mastercard 3606117735898834;Счет 95523600782247952600;Перевод организации
Dollar;1515124;EXECUTED;2020-12-04T18:08:45Z;20496;USD;American Express 6956884741222228;Visa 1138632721768897;Перевод с карты на карту
Rand;2242467;PENDING;2022-10-22T14:30:04Z;18902;ZAR;Mastercard 5002772363297624;American Express 5688737673105581;Перевод с карты на карту
Euro;1360340;CANCELED;2022-07-25T16:56:45Z;11918;EUR;Счет 92726249103391069520;Счет 75473426116739392485;Перевод со счета на счет
Naira;2040354;EXECUTED;2022-04-08T15:28:22Z;27298;NGN;Счет 05193258924784749070;Счет 41100924074558122931;Перевод со счета на счет
Dollar;3725331;EXECUTED;2020-07-21T12:57:18Z;22103;XCD;Discover 9971494268316339;Visa 3350299704652712;Перевод с карты на карту
Euro;4533741;PENDING;2021-04-18T11:48:52Z;33379;EUR;Mastercard 5046910947182463;American Express 3454195292745722;Перевод с карты на карту
Krona;481522;PENDING;2022-05-18T23:29:48Z;34210;SEK;Discover 0474902215594901;American Express 9009156961180653;Перевод с карты на карту
Krona;2398051;EXECUTED;2021-02-22T08:59:30Z;21462;SEK;Discover 9152086747321456;American Express 1890010502711654;Перевод с карты на карту
Yuan Renminbi;2594913;EXECUTED;2022-09-08T07:54:15Z;21854;CNY;Discover 2230791587813547;Mastercard 0482563768546473;Перевод с карты на карту
Rupiah;4165785;EXECUTED;2021-08-26T07:25:22Z;15228;IDR;;Счет 52221511479065964970;Открытие вклада
Pound;4685408;EXECUTED;2023-01-13T09:01:18Z;33726;SYP;Visa 3155847829157541;Mastercard 5137599438741653;Перевод с карты на карту
Krona;3041171;EXECUTED;2021-02-28T14:44:31Z;22808;SEK;Discover 2834571933930855;Mastercard 7838392322241511;Перевод с карты на карту
Shilling;1065726;PENDING;2020-07-02T04:46:11Z;29169;UGX;Счет 02128618384427301635;Счет 25745812541257778590;Перевод со счета на счет
Yuan Renminbi;378251;PENDING;2022-05-06T13:39:29Z;32660;CNY;American Express 3641239388125025;Mastercard 9249013709224474;Перевод с карты на карту
Yuan Renminbi;5418413;EXECUTED;2022-06-20T04:26:46Z;14226;CNY;;Счет 00653384051873095888;Открытие вклада
Franc;3976154;CANCELED;2021-04-20T21:42:09Z;29376;CDF;Discover 8636221246947113;Discover 6047704891392748;Перевод с карты на карту
Krona;5418786;EXECUTED;2022-04-19T00:57:33Z;26324;SEK;Visa 2035679551837598;Visa 7048362516859980;Перевод с карты на карту
Peso;4593280;EXECUTED;2020-08-08T20:23:59Z;20851;COP;;Счет 89119766231404352013;Открытие вклада
Euro;730875;EXECUTED;2023-06-27T15:15:41Z;31269;EUR;;Счет 53116918494490866575;Открытие вклада
Dirham;1766372;EXECUTED;2021-10-11T10:59:48Z;16880;MAD;Discover 4401975999937074;American Express 5952436120510120;Перевод с карты на карту
Ruble;651026;EXECUTED;2021-07-10T20:52:54Z;27596;RUB;;Счет 41878599375303475996;Открытие вклада
Yuan Renminbi;3157069;EXECUTED;2021-10-14T05:21:31Z;31095;CNY;Visa 5815097466726928;Счет 71736140241534224197;Перевод организации
Peso;4630920;EXECUTED;2023-02-23T18:29:54Z;27825;MXN;Mastercard 7691704879269194;Visa 6557353915322487;Перевод с карты на карту
Dollar;808340;EXECUTED;2021-07-11T14:02:12Z;16214;USD;Visa 7153424775016425;American Express 8332810618620612;Перевод с карты на карту
Euro;2371545;EXECUTED;2023-05-07T04:44:17Z;28888;EUR;Mastercard 9687008977978717;Visa 2164651526303219;Перевод с карты на карту
Euro;959523;PENDING;2021-09-30T14:50:05Z;22010;EUR;Mastercard 6640372313921891;American Express 3669791391703828;Перевод с карты на карту
Real;1083622;EXECUTED;2021-07-02T11:01:49Z;20054;BRL;American Express 0047251865940801;Visa 2623389083287749;Перевод с карты на карту
Dollar;68366;EXECUTED;2021-09-11T00:41:56Z;21178;USD;;Счет 04711883665204370589;Открытие вклада
Dollar;3616670;EXECUTED;2020-06-03T13:14:27Z;18397;USD;Discover 7364800433362108;Visa 4397277168551394;Перевод с карты на карту
Dollar;1808566;EXECUTED;2020-11-30T17:31:29Z;32410;GYD;Visa 2982342150266157;Счет 98396449834948499470;Перевод организации
Yuan Renminbi;2938281;EXECUTED;2020-02-15T13:12:50Z;33514;CNY;American Express 8496416777437172;American Express 4296685641332624;Перевод с карты на карту
Lempira;3082330;EXECUTED;2022-06-04T10:30:27Z;21556;HNL;American Express 6457079585013153;American Express 4550966161928513;Перевод с карты на карту
Real;2134937;EXECUTED;2022-04-15T18:44:40Z;29034;BRL;American Express 6561139289108408;American Express 5825401960134572;Перевод с карты на карту
Yuan Renminbi;2156492;EXECUTED;2020-08-26T00:39:08Z;15704;CNY;Discover 3419988135779376;Mastercard 4292076603300609;Перевод с карты на карту
Cedi;2396779;CANCELED;2022-10-31T10:13:09Z;23032;GHS;Visa 2641084763468257;Mastercard 4387921060349959;Перевод с карты на карту
Ruble;4967592;EXECUTED;2021-11-21T16:57:36Z;12868;RUB;Mastercard 4061237171643434;Visa 7539829899017635;Перевод с карты на карту
Yuan Renminbi;3469012;CANCELED;2020-12-09T10:23:16Z;12054;CNY;American Express 4199438264025417;American Express 9712913133684625;Перевод с карты на карту
Euro;2803307;EXECUTED;2021-08-18T09:31:09Z;20807;EUR;Visa 0367571579116034;Mastercard 2631393985951406;Перевод с карты на карту
Ruble;3420221;EXECUTED;2022-03-21T01:08:38Z;20469;BYR;Visa 8640371855091887;Discover 7686971608639707;Перевод с карты на карту
Euro;614963;EXECUTED;2022-06-21T00:19:35Z;33456;EUR;American Express 2121332549576092;Visa 9627713406627209;Перевод с карты на карту
Rupiah;3505629;EXECUTED;2022-07-17T14:22:46Z;22172;IDR;;Счет 55429481938678612837;Открытие вклада
Dalasi;3766082;PENDING;2020-10-28T20:19:03Z;14937;GMD;Visa 6453536798067238;Счет 16771823456925574978;Перевод организации
Yen;3101000;EXECUTED;2020-07-23T13:41:30Z;19496;JPY;Mastercard 5356432128868123;Mastercard 5416020782161924;Перевод с карты на карту
Peso;196797;EXECUTED;2021-05-17T15:52:18Z;32354;ARS;Visa 5848376124944023;Mastercard 1069888785560464;Перевод с карты на карту
Rupiah;2504828;PENDING;2021-03-22T05:59:14Z;11982;IDR;Счет 40357013384457231147;Счет 59361600183832821416;Перевод со счета на счет
Ringgit;2906630;EXECUTED;2021-05-04T12:23:35Z;17482;MYR;Discover 4984045605929768;American Express 3322182703589558;Перевод с карты на карту
Euro;2988353;EXECUTED;2023-09-05T06:03:25Z;14786;EUR;Счет 79277383088424042634;Счет 28813294942097678416;Перевод со счета на счет
Zloty;317070;EXECUTED;2021-06-29T01:41:51Z;23317;PLN;American Express 6209610161525647;Visa 9813638457272445;Перевод с карты на карту
Yen;3373212;EXECUTED;2022-10-29T12:38:30Z;19906;JPY;Discover 5243103907617572;American Express 6128348420548016;Перевод с карты на карту
Yuan Renminbi;3310022;CANCELED;2023-02-02T13:47:42Z;16038;CNY;Visa 4627120922876722;Mastercard 1972621796388911;Перевод с карты на карту
Manat;1888243;PENDING;2021-02-19T13:02:29Z;29324;TMT;Discover 5478099584092921;Mastercard 2255596566027326;Перевод с карты на карту
Kwanza;4790207;PENDING;2021-05-09T03:09:48Z;16084;AOA;Visa 4625906322198608;Счет 66619332174598187292;Перевод организации
Yuan Renminbi;2075976;EXECUTED;2020-10-27T15:33:26Z;12111;CNY;American Express 2226444198506364;Mastercard 8416392172035930;Перевод с карты на карту
Zloty;2784817;EXECUTED;2022-07-15T18:51:22Z;18658;PLN;;Счет 00160062211561177707;Открытие вклада
Dollar;78190;EXECUTED;2020-07-20T23:53:44Z;23768;USD;Discover 5061069137643921;Mastercard 4364905552690679;Перевод с карты на карту
Yuan Renminbi;476353;CANCELED;2022-05-30T13:46:38Z;14168;CNY;Visa 8422480077696066;Mastercard 1458590505547240;Перевод с карты на карту
Peso;3461845;EXECUTED;2020-09-14T23:29:55Z;17452;CLP;Счет 49442217043108853069;Счет 37821946274775720954;Перевод со счета на счет
Peso;5034913;EXECUTED;2023-04-10T12:13:00Z;20719;CUP;Счет 71643085955578212791;Счет 65259291624131986847;Перевод со счета на счет
Ruble;2300619;EXECUTED;2020-06-12T18:50:27Z;32753;RUB;Discover 8926691998863176;Discover 9331952063031046;Перевод с карты на карту
Rupiah;3373939;PENDING;2020-12-01T22:00:32Z;22520;IDR;American Express 0871573566179515;Mastercard 7671773179035343;Перевод с карты на карту
Real;2153986;EXECUTED;2020-05-04T21:00:32Z;12897;BRL;Счет 81877999987461933779;Счет 76136103433666229799;Перевод со счета на счет
Franc;2557843;EXECUTED;2020-11-28T04:28:20Z;22382;XOF;;Счет 74461504630632729701;Открытие вклада
Yuan Renminbi;151337;CANCELED;2020-10-28T07:47:54Z;30324;CNY;Visa 2858643810193921;Счет 73049787529893930779;Перевод организации
Yuan Renminbi;1590900;CANCELED;2020-02-19T08:06:07Z;26493;CNY;American Express 3307595602334148;Mastercard 2435250807815654;Перевод с карты на карту
Rupiah;651041;EXECUTED;2023-06-27T06:13:36Z;20711;IDR;Visa 7070325618747914;Visa 7851419480782318;Перевод с карты на карту
Yuan Renminbi;3358030;EXECUTED;2023-01-31T13:51:50Z;31030;CNY;;Счет 70684228258616543122;Открытие вклада
Yuan Renminbi;3532341;EXECUTED;2023-01-12T02:00:45Z;20302;CNY;Discover 7221589598758643;American Express 7513525580819808;Перевод с карты на карту
Franc;2560558;PENDING;2021-05-11T17:53:15Z;19892;CHF;Mastercard 7733979172661103;Visa 9976862606592955;Перевод с карты на карту
Real;1915126;EXECUTED;2023-03-24T06:53:49Z;25851;BRL;Счет 53574998937185652197;Счет 17360441896947298654;Перевод со счета на счет
Dollar;1427506;EXECUTED;2020-09-09T20:36:00Z;21190;CAD;Mastercard 0685343165266933;American Express 4063911068149068;Перевод с карты на карту
Kuna;2055949;EXECUTED;2020-07-25T18:09:15Z;29031;HRK;Visa 4149158018279209;Mastercard 0537721423329176;Перевод с карты на карту
Kuna;15414;PENDING;2022-08-11T11:27:57Z;31525;HRK;Mastercard 5868288926724263;American Express 9132809122792706;Перевод с карты на карту
Krona;214410;EXECUTED;2020-10-29T09:56:28Z;34336;SEK;Discover 6590095029387674;Mastercard 0974688087552673;Перевод с карты на карту
Real;3534376;EXECUTED;2020-08-11T04:22:16Z;16237;BRL;American Express 9896596428702723;Счет 31648279148354234947;Перевод организации
Franc;4142942;EXECUTED;2023-10-29T13:24:54Z;28483;XAF;Visa 0287142746885096;Discover 1820517528128766;Перевод с карты на карту
Rupiah;4269608;PENDING;2023-04-26T11:40:01Z;33703;IDR;;Счет 78769556201569913464;Открытие вклада
Krone;1077647;EXECUTED;2023-02-16T06:58:42Z;17612;DKK;;Счет 33340359504492479517;Открытие вклада
Yuan Renminbi;5341558;EXECUTED;2022-11-11T12:32:14Z;20026;CNY;Mastercard 6912592331129080;Счет 82572989412689103220;Перевод организации
Yuan Renminbi;3789074;EXECUTED;2022-10-14T06:58:47Z;24034;CNY;Mastercard 3924656650212459;American Express 9881727426631376;Перевод с карты на карту
Yuan Renminbi;4361453;EXECUTED;2021-12-05T01:35:38Z;30045;CNY;Mastercard 3665700271480451;American Express 0562165846839124;Перевод с карты на карту
Zloty;413942;EXECUTED;2023-01-14T17:09:31Z;30885;PLN;;Счет 14333875659976842245;Открытие вклада
Rupiah;3034414;EXECUTED;2020-05-17T04:31:24Z;14490;IDR;Mastercard 5542284288235939;Discover 6909942117751005;Перевод с карты на карту
Euro;595305;PENDING;2023-08-22T17:20:18Z;22624;EUR;;Счет 97565556730475585217;Открытие вклада
Kuna;2415946;EXECUTED;2020-10-28T08:59:58Z;23190;HRK;Visa 2130676513423745;Счет 65656300853632903109;Перевод организации
Ruble;3330422;EXECUTED;2023-08-05T07:11:26Z;30065;RUB;Mastercard 9458117363112215;Visa 6335859532296628;Перевод с карты на карту
Yuan Renminbi;3794942;EXECUTED;2021-05-24T02:37:49Z;14174;CNY;Mastercard 8628645140673956;Счет 36990402090010935845;Перевод организации
Peso;3967324;EXECUTED;2021-05-22T07:46:10Z;30809;PHP;;Счет 99143269778241825075;Открытие вклада
Euro;5515847;EXECUTED;2021-08-30T06:11:23Z;18687;EUR;Mastercard 3924599516675344;Visa 4023206149439133;Перевод с карты на карту
Zloty;308178;EXECUTED;2020-09-07T17:16:11Z;17368;PLN;Discover 2547099241263746;Discover 1506530746937020;Перевод с карты на карту
Dinar;4808031;EXECUTED;2022-08-13T09:20:42Z;14650;TND;Visa 2860183248053465;Discover 4880897470446329;Перевод с карты на карту
Euro;2141772;EXECUTED;2020-11-28T00:38:44Z;33427;EUR;Visa 3233295294318307;Visa 9919340931948547;Перевод с карты на карту
Yuan Renminbi;3400097;EXECUTED;2021-09-26T11:05:08Z;15109;CNY;;Счет 69849544853538949269;Открытие вклада
Peso;4399167;EXECUTED;2023-07-08T22:43:16Z;23949;PHP;Discover 8086808716905997;Visa 0250616482559995;Перевод с карты на карту
Euro;5446796;EXECUTED;2020-10-06T23:30:05Z;26873;EUR;;Счет 18984367308636722946;Открытие вклада
Somoni;1245327;PENDING;2021-03-09T00:56:48Z;24252;TJS;Discover 3233958335206913;Visa 6269545625045856;Перевод с карты на карту
Peso;134341;CANCELED;2022-03-03T08:41:08Z;13642;COP;Visa 9770850749183268;American Express 0522499169905654;Перевод с карты на карту
Yuan Renminbi;2177828;EXECUTED;2022-04-14T15:14:21Z;24853;CNY;Счет 38577962752140632721;Счет 47657753885349826314;Перевод со счета на счет
Real;4137938;EXECUTED;2023-01-04T13:13:34Z;15560;BRL;;Счет 38164279390569873521;Открытие вклада
Peso;4699552;EXECUTED;2022-03-23T08:29:37Z;23423;PHP;Discover 7269000803370165;American Express 1963030970727681;Перевод с карты на карту
